id,target,type,apply_time,x578,x1489,x916,x308,x2315,x1143,x970,x399,x2503,x2314,x139,x1439,x134,x1471,x3259,x225,x808,x616,x3521,x868,x226,x185,x132,x42,x228,x95,x775,x4,x596,x102,x123,x719,x188,x1654,x415,x776,x433,x63,x1449,x108,x40,x10,x86,x20,x825,x515,x1383,x517,x403,x155,x2,x137,x788,x104,x524,x831,x117,x830,x39,x492,x33,x156,x111,x495,x167,x124,x90,x157,x7,x496,x519
6cf48aa72c0d274853e76778e2c9279f,0,test,2021/5/21,,,,,,,,,,,,,,0.857,,,,,,,,,,,,,,1.0,,,,,,,,,,,,,,,2.0,3.0,,,,3.0,,,3.0,,,,,,,,,,5499.0,,,,,,1.0,,,,0.857
5c800aca8e459c287051b91f753eb6f7,1,test,2021/5/4,,,,,,,,,,,,,,,,2.0,,,,,0.707,,,,6.351,1.0,,1.0,,,,,,,,,1.0,,48.0,,,,21.0,5.0,,,1.0,,,,20.0,,,,,,,,,,6328.0,,,,,,,,4.0,,
137e84aa77fdd46d8aee1fc9905e932c,0,test,2021/5/2,,,,,,,,,,,,,,0.273,,2.0,,,,,,,,,3.055,3.0,,1.0,,,,,,,,,1.0,,,,,,24.0,3.0,,,,19.0,,,19.0,,,,,,,,,,6888.0,,,,,,1.0,,3.0,,0.273
d40176d749ea96c532da8124e59a7479,1,test,2021/5/19,,,,,,1.414,,,,,,4.0,,0.014,,4.0,,,,,2.872,,,,1.718,4.0,,7.0,,,,,,,,,1.0,,37.0,,,,20.0,1.0,,,0.789,,,,12.0,,,,,,,,,,9599.0,,,,,,,,7.0,,
f06e2fa71323c04db00bb863249cded1,0,test,2021/6/15,,,,,,,,,0.05,,,24.0,,,,8.0,,,,,2.295,,,,1.598,8.0,,1.0,,,,,,,,,,,,,,,19.0,7.0,,,,,,,27.0,,,,,,,,,,5499.0,,,,,,1.0,,3.0,,0.05
a810d475d2afa5adf8407d95e9cdde38,0,test,2021/5/29,,,,,,0.837,,,,,,1.0,,,,3.0,,,,,1.732,,,,3.674,1.0,,2.0,,,,,,,,,,,,,,,13.0,5.0,,,,,,,13.0,,,,,,,,,,9599.0,,,,,,,,7.0,,
6daef35ba3c00cda03fdd848d8f6a788,0,test,2021/5/30,,,,,,,,,,,,,,,,,,,,,,,,,,,,15.0,,,,,,,,,1.0,,18.0,,,,,,,,1.0,,,,4.0,,,,,,,,,,7899.0,,,,,,,,4.0,,
26ff3c793352c8186ac05a3ea684104b,0,test,2021/5/1,,,,,,2.955,,,0.503,,,,,0.049,,11.0,,,,,3.641,,,,5.421,6.0,,1.0,,,,,,,,,,,,,,,15.0,7.0,,83.0,,39.0,,,27.0,,,,,,,,,,5499.0,,,,,,3.0,,3.0,,1.0
8b3c4f710f11be02256ba82c74a469f6,0,test,2021/5/2,,,,,,,,,,,,,,1.0,,,,,,,,,,,,,,1.0,,,,,,,,,,,,,,1.0,1.0,5.0,,,,,,,25.0,,,,,,,,,,9599.0,,,,,,,,,,
7300008f3caf0cc67073ec4309558ca1,0,test,2021/5/3,,,,,,,,,,,,,,0.142,,,,,,,,,,,,,,3.0,,,,,,,,,,,,,,,,4.0,,,,1.0,,,8.0,,,,,,,,,,7899.0,,,,,,,,6.0,,0.142
d06318641ff09f10ce81ae3bf2ae7083,0,test,2021/5/17,,,,,,,15.0,,,,,,,,,1.0,,,,,,,,,55.157,2.0,,4.0,,,,,,,,,,,,,,0.0,37.0,3.0,,,,,,,19.0,,,,,,,,,,5499.0,,,,,,,,3.0,,
e10b5d3fadb141e5e4cc5c8a2791af52,0,test,2021/7/23,,,,,,1.708,,,,,,,,0.852,,3.0,,,,,0.577,,,,3.251,,,2.0,,,,,,,,,,,,,,0.0,3.0,6.0,,,,21.0,,,16.0,,,,,,,,,,5499.0,,,,,,1.0,,3.0,,0.852
b88194a0e54b3003585d5a0d372235ed,0,test,2021/5/26,,,,,,,,,,,,,,0.216,,1.0,,,,,,,,,3.536,2.0,,3.0,,,,,1.0,,,,,,,,,0.0,8.0,1.0,,,,6.0,,,4.0,,,,,,,,,,9299.0,,,,,,,,2.0,,0.216
ac1d66285e2d7f6c20b2254bd455b73c,0,test,2021/5/11,,,,,,,,,,,,,,0.812,,,,,,,,,,,0.816,2.0,,6.0,,,,,,,,,,,,,,,8.0,1.0,,,,8.0,,,6.0,,,,,,,,,,9599.0,,,,,,1.0,,3.0,,0.812
4ef0e742cae21cd34829194a180c46a0,0,test,2021/5/12,,,,,,,,,,,,,,0.636,,2.0,,,,,2.828,,,,3.0,3.0,,4.0,,,,,,,,,,,,,,,14.0,2.0,,,,14.0,,,7.0,,,,,,,,,,8699.0,,,,,,1.0,,3.0,,0.636
803b648771fb7924e06704692f491e9a,0,test,2021/5/6,,,,,,56.169,4.0,,,,,31.0,,0.053,,8.0,,,,,12.995,,,,13.924,4.0,,1.0,,,,,,,,,,0.025,,,,,53.0,7.0,,,,12.0,,,27.0,,,,,,,,,,5499.0,,,,,,1.0,,2.0,,0.053
8b9b2721c499b9fb1ad7b9171df0c5bd,0,test,2021/7/31,,,,,,2.298,,,,,,90.0,,0.003,,39.0,,,,,4.202,,,,6.182,8.0,,1.0,,,,,1.0,,,,,,,,,,91.0,7.0,,,,1.0,,,30.0,,,,,,,,,,3599.0,,,,,,1.0,,5.0,,0.003
cff5e3c3c9c766910e2c1f501eb2dff5,1,test,2021/6/2,,,,,,1.708,,,,,,48.0,,0.009,,7.0,,,,,0.378,,,,2.586,8.0,,1.0,,,,,,,,,,,,,,,20.0,4.0,,,,,,,6.0,,,,,,,,,,5499.0,,,,,,,,4.0,,
30c76830c17bc34e0e45e093600eefce,0,test,2021/7/17,,,,,,,,,,,,,,,1.0,,,,,,,,,,,,,2.0,,,,,,,,,,,,,,,2.0,4.0,,,,,,,15.0,,,,,,,,,,9599.0,,,,,,1.0,,,,1.0
d56b29e56de253e47723d0dba901a820,1,test,2021/5/26,,,,,,,,,0.993,,,2.0,,0.004,,,,,1.0,,,,,,,3.0,,1.0,,,,,,,,,,,,,,,1.0,5.0,,,,,,,25.0,,,,,,,,,,9599.0,,,,,,1.0,,4.0,,0.993
40edd327ab03c329e2fc578fa030ce1a,0,test,2021/5/7,,,,,,,,,,,,,,,,,,,,,,,,,,2.0,,5.0,,,,,,,,,,,,,,,1.0,3.0,,1.0,,,,,11.0,,,,,,,,,,3599.0,,,,,,1.0,,3.0,,1.0
d8518ac28f4c2f139a0b724852203e54,0,test,2021/6/1,,,,,,14.142,,,0.006,,,,,0.003,,1.0,,,,,,,,,28.991,1.0,,1.0,,,,,,,,,,,,,,,37.0,2.0,,,,1.0,,,16.0,,,,,,,,,,3000.0,,,,,,2.0,,5.0,,0.009
daf6c731486f8bc94a2544d0ee7f4831,0,test,2021/6/9,,,,,,,,,,,,,,,,,,,,,,,,,,6.0,,1.0,,,,,,,,,1.0,,16.0,,,,10.0,2.0,,,0.875,,,,7.0,,,,,,,,,,3599.0,,,,,,,,4.0,,
bd624324b6fca9df414d5c991c703c75,1,test,2021/5/12,,,,,,8.347,,,,,,,,,,2.0,,,,,1.414,,,,8.13,2.0,,1.0,,,,,1.0,,,,1.0,0.238,54.0,,,,14.0,5.0,,,1.0,,,,23.0,,,,,,,,,,7899.0,,,,,,,,4.0,,
cc608980b0f837e5bd606ec5fb3c1747,0,test,2021/5/24,,,,,,,,,,,,17.0,,0.379,,1.0,,,,,,,,,1.282,1.0,,1.0,,,,,,,,,,,,,,0.0,3.0,6.0,,,,9.0,,,28.0,,,,,,,,,,7899.0,,,,,,1.0,,3.0,,0.379
8884d8b97ebcd31667a4094106e55ffd,0,test,2021/5/4,,,,,,16.743,,,,,,1.0,,0.978,,2.0,,,,,14.849,,,,5.565,2.0,,1.0,,,,,,,,,,0.021,,,,0.0,11.0,6.0,,,,47.0,,,20.0,,,,,,,,,,6888.0,,,,,,1.0,,3.0,,0.978
496f06996e8c2f203b7514d5f96ee588,0,test,2021/5/31,,,,,,,,,,,,31.0,,0.048,,5.0,,,,,1.304,,,,2.56,3.0,,1.0,,,,,,,,,,,,,,,13.0,2.0,,,,2.0,,,12.0,,,,,,,,,,6799.0,,,,,,1.0,,3.0,,0.048
4e70ed914695fd7193da6a463132347c,0,test,2021/5/18,,,,,,,,,1.0,,,,,,,1.0,,,,,,,,,,1.0,,8.0,,,,,,,,,,,,,,,1.0,,,11.0,,,,,7.0,,,,,,,,,,3599.0,,,,,,1.0,,6.0,,1.0
e50a03569a6d4c67687a5905c4fb416e,1,test,2021/5/20,,,,,,0.707,7.0,,,,,,,,,,,,,,,,,,3.512,4.0,,1.0,,,,,,,,,1.0,,20.0,,,,14.0,4.0,,,0.434,,,,13.0,,,,,,,,,,6328.0,,,,,,,,4.0,,
6affae0ce5011c7c3565da5761e55a7e,0,test,2021/5/2,,,,,,9.899,,,,,,20.0,,0.593,,1.0,,,,,,,,,12.239,4.0,,1.0,,,,,,,,,,,,,,0.0,13.0,4.0,,,,21.0,,,18.0,,,,,,,,,,6328.0,,,,,,1.0,,3.0,,0.36
df36fdaa4fb8842ed8406a1ce7a1902b,0,test,2021/7/22,,,,,,,,,,,,,,0.75,,,,,,,,,,,,1.0,,8.0,,,,,,,,,,,,,,,3.0,,,,,3.0,,,1.0,,,,,,,,,,9599.0,,,,,,1.0,,2.0,,0.75
920bfad73666e1db416579357e593a4a,0,test,2021/5/6,,,,,,3.464,,,,,,,,,,,,,,,,,,,,,,1.0,,,,,1.0,,,,,,,,,1.0,3.0,5.0,,4.0,,,,,17.0,,,,,,,,,,9599.0,,,,,,1.0,,,,0.35
7b58ace01c465d11654e4d5749805a90,0,test,2021/5/16,,,,,,,,,,,,,,,,,,,,,,,,,,2.0,,5.0,,,,,,,,,1.0,,13.0,,,,5.0,1.0,,,1.0,,,,1.0,,,,,,,,,,7899.0,,,,,,,,4.0,,
ef88ac94d8898f172a6fefdc3a94abb5,0,test,2021/7/5,,,,,,3.536,,,,,,,,0.277,,,,,,,,,,,2.517,2.0,,1.0,,,,,,,,,,,,,,,3.0,2.0,,,,5.0,,,7.0,,,,,,,,,,3000.0,,,,,,1.0,,4.0,,0.222
d5588c0670fc4d32d738ef31305ea73d,1,test,2021/5/1,,,,,,,,,,,,,,,,,,,,,,,,,,,,3.0,,,,,,,,,,,,,,0.0,,2.0,,,,,,,21.0,,,,,,,,,,,,,,,,,,3.0,,
ad1dc090dd6173a5814cde3fad5d374e,0,test,2021/5/27,,,,,,2.0,,,0.917,,,,,0.147,,4.0,,,,,0.957,,,,6.974,2.0,,2.0,,,,,,,,,,,,,,,24.0,4.0,,,,24.0,,,9.0,,,,,,,,,,6799.0,,,,,,3.0,,3.0,,0.988
8d6f67b3e30248fd6fb010c86fd4e6c7,1,test,2021/6/17,,,,,,1.225,,,,,,10.0,,,,,,,,,,,,,1.044,1.0,,1.0,,,,,1.0,,,,,,,,,1.0,1.0,6.0,,,,,,,14.0,,,,,,,,,,6328.0,,,,,,1.0,,3.0,,
cbdce2c38b0229e8fb436c814756f9ea,0,test,2021/5/20,,,,,,,,,,,,,,,,,,,,,,,,,,,,2.0,,,,,,,,,,,,,,1.0,,4.0,,,,,,,26.0,,,,,,,,,,,,,,,,,,5.0,,
64b08712f7b98f5543877c6ce675dc43,0,test,2021/5/7,,,,,,,,,,,,,,1.0,,,,,,,,,,,2.828,,,4.0,,,,,,,,,,,,,,,9.0,1.0,,,,26.0,,,9.0,,,,,,,,,,9599.0,,,,,,1.0,,3.0,,1.0
d4e9e8e40246bcc886365923e271c741,0,test,2021/5/3,,,,,,,,,,,,,,0.285,,1.0,,,,,,,,,,1.0,,1.0,,,,,,,,,,,,,,1.0,2.0,2.0,,,,2.0,,,13.0,,,,,,,,,,3599.0,,,,,,1.0,,6.0,,0.285
6d8bdb3bd34a955b66e4a6cadda2d5fd,0,test,2021/5/1,,,,,,,,,,,,,,,,,,,,,,,,,,,,1.0,,,,,,,,,,0.333,,,,1.0,1.0,6.0,,,,,,,19.0,,,,,,,,,,3799.0,,,,,,,,6.0,,
0b62c8fd831249e7e2d2b1726e1b4b15,0,test,2021/5/7,,,,,,14.623,11.0,,,,,39.0,,0.025,,4.0,,,,,8.261,,,,5.851,3.0,,1.0,,,,,,,,,1.0,,,,,,22.0,7.0,,,,,,,29.0,,,,,,,,,,3399.0,,,,,,,,4.0,,
aab119283def7c16cef4eea41803bd16,0,test,2021/5/14,,,,,,,,,,,,3.0,,1.0,,,,,,,,,,,,,,1.0,,,,,,,,,,,,,,,,4.0,,,,2.0,,,6.0,,,,,,,,,,11899.0,,,,,,,,3.0,,0.25
0fd6b2eabc2f78e46ba272ee3f3c633a,1,test,2021/6/2,,,,,,0.577,,,,,,,,,,,,,,,,,,,,2.0,,1.0,,,,,1.0,,,,1.0,,12.0,,,,5.0,1.0,,,1.0,,,,6.0,,,,,,,,,,7899.0,,,,,,,,4.0,,
3b038efeec77dfbd07c816e1eedfb5e7,0,test,2021/6/30,,,,,,13.0,,,0.798,,,16.0,,0.054,,5.0,,,,,3.05,,,,7.944,4.0,,1.0,,,,,2.0,,,,,,,,,1.0,38.0,6.0,,11.0,,31.0,,,26.0,,,,,,,,,,2320.0,,,,,,4.0,,4.0,,0.857
4a3e77baea370d9b44bf743ebe1598ae,1,test,2021/5/4,,,,,,2.342,,,,,,75.0,,,,1.0,,,,,,,,,7.039,3.0,,4.0,,,,,,,,,,,,,,,7.0,4.0,,,,,,,25.0,,,,,,,,,,2320.0,,,,,,,,3.0,,
151344f776b17d3898c46a795bb15556,0,test,2021/5/4,,,,,,,,,,,,,,1.0,,2.0,,,,,2.121,,,,,,,1.0,,,,,,,,,,,,,,,1.0,3.0,,,,18.0,,,17.0,,,,,,,,,,5499.0,,,,,,1.0,,,,1.0
315bdffaad7d32d19e2409f53894b189,0,test,2021/5/2,,,,,,0.548,,,,,,36.0,,0.012,,2.0,,,,,0.707,,,,1.414,4.0,,1.0,,,,,,,,,,0.019,,,,1.0,1.0,6.0,,,,2.0,,,22.0,,,,,,,,,,5499.0,,,,,,1.0,,2.0,,0.012
8c3ee4312d1f58c3f3e6bce1b8354b9d,0,test,2021/5/30,,,,,,6.481,,,0.061,,,3.0,,0.023,,5.0,,,,,20.401,,,,26.544,7.0,,1.0,,,,,1.0,,,,,,,,,0.0,79.0,3.0,,37.0,,10.0,,,25.0,,,,,,,,,,6328.0,,,,,,7.0,,4.0,,0.131
cf6ad6d3d4eca26801edf78ae7950b0d,0,test,2021/5/13,,,,,,,,,,,,,,1.0,,,,,,,,,,,,,,2.0,,,,,,,,,,,,,,,3.0,3.0,,,,5.0,,,7.0,,,,,,,,,,3599.0,,,,,,1.0,,,,1.0
1e7550ddc9dd8ab078eb9ededa345b85,0,test,2021/6/20,,,,,,,,,,,,,,,,,,,,,,,,,,,,3.0,,,,,,,,,,,,,,0.0,,1.0,,,,,,,5.0,,,,,,,,,,,,,,,,,,6.0,,
0cece0737c7af67cb0d744687b80e96f,0,test,2021/5/6,,,,,,1.93,,,,,,,,,,6.0,,,,,0.516,,,,1.567,,,2.0,,,,,,,,,1.0,,11.0,,,,4.0,2.0,,,1.0,,,,14.0,,,,,,,,,,6328.0,,,,,,,,,,
2b1635e0f7e85f846e9ed5d7ceb12627,0,test,2021/5/21,,,,,,,,,,,,,,,,,,,,,,,,,,1.0,,25.0,,,,,,,,,,,,,,0.0,7.0,,,,,,,,2.0,,,,,,,,,,7899.0,,,,,,,,7.0,,
c0087e1b582b39b31e8cc86fda743051,0,test,2021/5/24,,,,,,,,,0.75,,,,,,,,,,,,,,,,,,,1.0,,,,,,,,,,,,,,,,1.0,,2.0,,,,,2.0,,,,,,,,,,5499.0,,,,,,1.0,,2.0,,0.75
21069f1c52df0459c55b8ccbc6ed496e,0,test,2021/5/3,,,,,,,,,,,,,,1.0,,,,,,,,,,,,,,54.0,,,,,,,,,,,,,,,,,,,,1.0,,,,,,,,,,,,,2320.0,,,,,,,,2.0,,1.0
2f3358ee799c853ab4995b4d60f1195c,0,test,2021/6/4,,,,,,,,,,,,,,,,2.0,,,,,0.707,,,,0.5,2.0,,1.0,,,,,,,,,,,,,,,16.0,6.0,,1.0,,,,,25.0,,,,,,,,,,7899.0,,,,,,,,3.0,,0.006
daede966e3d91f5fa50a8429fca9d606,0,test,2021/5/23,,,,,,,,,,,,1.0,,,,,,,,,,,,,,2.0,,2.0,,,,,,,,,1.0,,9.0,,,,7.0,1.0,,,0.833,,,,5.0,,,,,,,,,,9599.0,,,,,,,,4.0,,
3f82971951bd7b434d0503a1de447900,0,test,2021/5/3,,,,,,2.872,,,,,,71.0,,0.022,,22.0,,,,,6.826,,,,8.727,3.0,,1.0,,,,,1.0,,,,,0.022,,,,,15.0,7.0,,,,4.0,,,30.0,,,,,,,,,,9299.0,,,,,,1.0,,3.0,,0.022
d1983b51cf4178924800bd563d057aa6,0,test,2021/6/8,,,,,,,,,,,,,,,,,,,,,,,,,,,,3.0,,,,,,,,,,,,,,0.0,,2.0,,,,,,,5.0,,,,,,,,,,,,,,,,,,2.0,,
edd894964f955e7477361f2861775a4d,1,test,2021/5/4,,,,,,,,,,,,,,,,,,,,,,,,,,2.0,,22.0,,,,,,,,,1.0,,9.0,,,,2.0,,,,1.0,,,,1.0,,,,,,,,,,3000.0,,,,,,,,5.0,,
6be3e986345ba34c15ea9baefc04bc1f,0,test,2021/5/8,,,,,,,,,,,,,,0.232,,5.0,,,,,4.919,,,,1.155,4.0,,1.0,,,,,,,,,1.0,,,,,,49.0,7.0,,,0.898,25.0,,,29.0,,,,,,,,,,3599.0,,,,,,1.0,,3.0,,0.232
010a144fbbbef98280a0f3feb104169c,0,test,2021/5/28,,,,,,,,,0.952,,,4.0,,,,2.0,,,,,0.707,,,,7.5,3.0,,1.0,,,,,1.0,,,,,,,,,,30.0,5.0,,,,,,,18.0,,,,,,,,,,6328.0,,,,,,1.0,,8.0,,0.952
689e72e78e8ec79f1af3d390583f0891,0,test,2021/5/20,,,,,,3.701,,,,,,,,1.0,,4.0,,,,,3.304,,,,6.33,2.0,,1.0,,,,,,,,,,,,,,,10.0,7.0,,,,61.0,,,19.0,,,,,,,,,,6328.0,,,,,,1.0,,3.0,,1.0
fbc52661763ac1579f8d529d5537b2ac,0,test,2021/5/8,,,,,,,,,,,,,,1.0,,,,,,,,,,,,,,4.0,,,,,,,,,,,,,,,6.0,2.0,,,,9.0,,,5.0,,,,,,,,,,6888.0,,,,,,1.0,,3.0,,1.0
b186bd7a96a5a9c004ba90d3104de851,0,test,2021/5/23,,,,,,,,,,,,,,0.75,,,,,,,,,,,,1.0,,12.0,,,,,,,,,,,,,,,1.0,,,,,3.0,,,1.0,,,,,,,,,,9599.0,,,,,,,,3.0,,0.75
04fd7a0b95748b8a7db57c41453224dc,0,test,2021/5/8,,,,,,5.657,,,,,,,,0.049,,3.0,,,,,23.671,,,,14.841,4.0,,1.0,,,,,,,,,1.0,,22.0,,,1.0,24.0,4.0,,,0.214,4.0,,,17.0,,,,,,,,,,9299.0,,,,,,1.0,,2.0,,0.049
068e7012abcd79aa8a2f90be2ced7425,0,test,2021/5/15,,,,,,,,,,,,,,0.944,,,,,,,,,,,1.414,3.0,,2.0,,,,,1.0,,,,,,,,,,9.0,1.0,,,,15.0,,,3.0,,,,,,,,,,6328.0,,,,,,1.0,,3.0,,0.944
d3bc5cf4a1e26d9e321719ed7545c78a,0,test,2021/6/27,,,,,,2.646,,,,,,,,0.97,,,,,,,,,,,4.243,1.0,,1.0,,,,,1.0,,,,,,,,,,22.0,7.0,,,,12.0,,,20.0,,,,,,,,,,7899.0,,,,,,1.0,,3.0,,0.283
3c35460c2926a662c047d384358ea54f,0,test,2021/5/11,,,,,,0.894,,,,,,,,,,4.0,,,,,0.5,,,,1.949,3.0,,2.0,,,,,,,,,,,,,,,5.0,6.0,,9.0,,,,,15.0,,,,,,,,,,5499.0,,,,,,,,6.0,,0.232
5b6e65e1ab4aa9e7ff64184645ee4dd7,0,test,2021/5/7,,,,,,6.658,,,,,,,,0.158,,8.0,,,,,1.458,,,,7.455,7.0,,2.0,,,,,1.0,,,,,0.336,,,,0.0,31.0,5.0,,,,12.0,,,22.0,,,,,,,,,,9599.0,,,,,,1.0,,3.0,,0.148
8467786ac5e42b28dc12318263888a7b,0,test,2021/5/26,,,,,,1.155,,,,,,6.0,,,,3.0,,,,,,,,,2.858,7.0,,22.0,,,,,,,,,,,,,,,9.0,,,,,,,,3.0,,,,,,,,,,6888.0,,,,,,,,3.0,,
7a337d57a2c564df83c74c17ba467696,0,test,2021/5/6,,,,,,1.414,,,0.474,,,16.0,,,,2.0,,,,,1.414,,,,4.655,4.0,,4.0,,,,,,,,,,,,,,,11.0,1.0,,,,11.0,,,8.0,,,,,,,,,,5499.0,,,,,,1.0,,5.0,,0.474
d1910802a19f67b74e3fb443b75aa5c2,0,test,2021/7/14,,,,,,1.155,,,,,,,,0.807,,,,,,,,,,,1.211,1.0,,1.0,,,,,,,,,,0.153,,,,0.0,12.0,5.0,,,,17.0,,,14.0,,,,,,,,,,5499.0,,,,,,1.0,,3.0,,0.807
4d42a8a44202a15c6d78629ee6245b1d,1,test,2021/5/15,,,,,,,,,,,,6.0,,,,1.0,,,,,,,,,,8.0,,2.0,,,,,1.0,,,,,0.571,,,,0.0,11.0,4.0,,,,,,,13.0,,,,,,,,,,6888.0,,,,,,,,4.0,,
d0514a5376aeb6ed52ffd73aef305fb7,0,test,2021/5/22,,,,,,1.602,5.0,,,,,26.0,,,,2.0,,,,,,,,,1.496,5.0,,2.0,,,,,,,,,,,,,,,11.0,3.0,,,,,,,15.0,,,,,,,,,,5499.0,,,,,,,,2.0,,
0f4bb5d0f608b7c96a8d28c9dcbeaa15,0,test,2021/6/2,,,,,,,5.0,,,,,,,0.272,,,,,,,,,,,,,,1.0,,,,,,,,,,,,,,,19.0,2.0,,,,14.0,,,6.0,,,,,,,,,,5499.0,,,,,,,,3.0,,0.272
5243ac71028e77bc8adfef2cba1a2070,0,test,2021/5/7,,,,,,,,,,,,,,0.127,,1.0,,,,,,,,,2.887,1.0,,1.0,,,,,,,,,1.0,,74.0,,,,35.0,6.0,,,0.859,13.0,,,27.0,,,,,,,,,,2320.0,,,,,,1.0,,4.0,,0.127
565fe360064cf57ed9f43ddc4602a873,0,test,2021/7/19,,,,,,2.828,1.0,,,,,,,,,2.0,,,,,4.95,,,,8.485,3.0,,3.0,,,,,,,,,1.0,,22.0,,,,7.0,2.0,,,0.101,,,,12.0,,,,,,,,,,8699.0,,,,,,,,4.0,,
aba70fd4c5a8f47d81c9ec1a80b6c1d2,0,test,2021/5/6,,,,,,1.414,,,,,,,,0.892,,,,,,,,,,,2.646,3.0,,3.0,,,,,,,,,,,,,,,2.0,1.0,,,,23.0,,,7.0,,,,,,,,,,3000.0,,,,,,1.0,,3.0,,0.892
05e89682eeeebddd1860c8b56ad4381c,1,test,2021/7/28,,,,,,6.364,4.0,,,,,,,,,2.0,,,,,2.121,,,,14.808,3.0,,1.0,,,,,,,,,1.0,,57.0,,,,47.0,5.0,,,0.921,,,,21.0,,,,,,,,,,3599.0,,,,,,,,4.0,,
a8cf281efa438868e173412903c8105b,0,test,2021/6/10,,,,,,,,,,,,,,,,,,,,,,,,,,,,4.0,,,,,,,,,,,,,,1.0,1.0,1.0,,,,,,,5.0,,,,,,,,,,9599.0,,,,,,,,2.0,,
78360f6fbdf7cf549e5cfad49ce3e0e0,0,test,2021/5/24,,,,,,,,,,,,,,0.883,,1.0,,,,,,,,,2.828,2.0,,2.0,,,,,,,,,,,,,,,17.0,1.0,,,,25.0,,,8.0,,,,,,,,,,6328.0,,,,,,1.0,,3.0,,0.883
9a1dc37b4eaca471a39bd570b8aabcd4,0,test,2021/7/27,,,,,,23.641,,,,,,,,,,2.0,,,,,12.728,,,,45.76,2.0,,1.0,,,,,,,,,,,,,,,89.0,7.0,,,,,,,30.0,,,,,,,,,,9599.0,,,,,,,,6.0,,
586c4abc7f7919613a6422d87e604edc,1,test,2021/7/2,,,,,,1.197,,,,,,24.0,,,,3.0,,,,,0.577,,,,1.716,4.0,,3.0,,,,,,,,,,,,,,,20.0,2.0,,,,,,,14.0,,,,,,,,,,6888.0,,,,,,,,8.0,,
3a464aa28fcca50cf0d7c19e75886965,0,test,2021/7/22,,,,,,,,,,,,,,,,,,,,,,,,1.0,,,,11.0,,,,,,,,,,1.0,,,1.0,,4.0,,,,,,,,3.0,,,,,,,,1.0,,7899.0,,,,,,,,2.0,,
bc25f9ed7645b016ed67175cbdb29202,0,test,2021/5/10,,,,,,0.744,,,0.015,,,18.0,,0.015,,,,,,,,,,,3.983,6.0,,1.0,,,,,,,,,,,,,,,13.0,5.0,,1.0,,1.0,,,24.0,,,,,,,,,,9599.0,,,,,,1.0,,4.0,,0.022
bced9c922ff837c5240bf67443e3988d,1,test,2021/7/27,,,,,,33.33,,,,,,6.0,,0.0,,13.0,,,,,163.121,,,,66.149,6.0,,1.0,,,,,,,,,,,,,,,56.0,7.0,,,,,,,30.0,,,,,,,,,,9599.0,,,,,,,,8.0,,
bf6e8307a324cc27eaa2500f410a4874,0,test,2021/5/8,,,,,,0.577,,,,,,,,,,3.0,,,,,,,,,1.732,1.0,,1.0,,,,,,,,,,,,,,,1.0,2.0,,19.0,,,,,12.0,,,,,,,,,,8499.0,,,,,,1.0,,6.0,,0.745
61e5a99bd5f869c60a30d682471c6887,0,test,2021/5/13,,,,,,,,,,,,,,,,1.0,,,,,,,,,1.414,2.0,,4.0,,,,,,,,,,,,,,,8.0,1.0,,,,,,,11.0,,,,,,,,,,6328.0,,,,,,,,3.0,,
990f29c458871b4610711a1c8709ea23,0,test,2021/5/21,,,,,,7.778,,,,,,,,0.638,,,,,,,,,,,4.243,2.0,,5.0,,,,,,,,,1.0,,,,,,11.0,1.0,,,,14.0,,,10.0,,,,,,,,,,9599.0,,,,,,1.0,,3.0,,0.638
2d20348d388ceb16f049f9ceba55b47d,0,test,2021/5/6,,,,,,29.169,,,,,,31.0,,,,24.0,,,,,13.348,,,,17.514,4.0,,1.0,,,,,,,,,1.0,,89.0,,,,60.0,7.0,,,0.995,,,,30.0,,,,,,,,,,6799.0,,,,,,,,4.0,,
22bfa969ee3a638dc12f48f25dda1c7c,0,test,2021/5/14,,,,,,,,,,,,,,1.0,,,,,,,,,,,,,,1.0,,,,,,,,,,,,,,,3.0,4.0,,,,6.0,,,5.0,,,,,,,,,,9299.0,,,,,,1.0,,,,1.0
ca23ab9e17b2545074da90191a8c521a,0,test,2021/7/25,,,,,,,,,,,,,,0.75,,,,,,,,,,,,1.0,,16.0,,,,,,,,,,,,,,,2.0,,,,,2.0,,,1.0,,,,,,,,,,2320.0,,,,,,,,1.0,,0.75
ec3bde1c9c6190a0239b6828bfbc9b0e,0,test,2021/5/9,,,,,,,,,,,,,,,,,,,,,,,,,0.707,1.0,,1.0,,,,,,,,,1.0,,22.0,,,,12.0,5.0,,1.0,1.0,,,,9.0,,,,,,,,,,11899.0,,,,,,,,4.0,,0.031
da7d1cd72bbb51903d04b4b6027bbae4,1,test,2021/6/2,,,,,,2.934,,,,,,15.0,,,,4.0,,,,,0.5,,,,2.472,2.0,,1.0,,,,,1.0,,,,1.0,,39.0,,,1.0,46.0,6.0,,,0.194,,,,24.0,,,,,,,,,,5499.0,,,,,,,,3.0,,
2c64212053e78a5f8edcaefb61d73cb3,1,test,2021/5/14,,,,,,,,,,,,6.0,,0.074,,,,,,,,,,,,1.0,,16.0,,,,,,,,,,0.074,,,,,5.0,,,,,1.0,,,2.0,,,,,,,,,,9599.0,,,,,,,,5.0,,0.074
3fa4ab681a7dd9bd19ee64ea7a70a72a,1,test,2021/5/28,,,,,,,,,,,,24.0,,,,2.0,,,,,4.243,,,,4.803,4.0,,1.0,,,,,,,,,,,,,,1.0,12.0,3.0,,,,,,,13.0,,,,,,,,,,5499.0,,,,,,,,8.0,,
04616ffdb58846ef012f21c211e21387,0,test,2021/5/27,,,,,,,,,,,,,,0.433,,1.0,,,,,,,,,5.648,3.0,,1.0,,,,,,,,,1.0,,33.0,,,,20.0,5.0,,,0.419,24.0,,,17.0,,,,,,,,,,3599.0,,,,,,1.0,,4.0,,0.433
effb952e6e3277b73de4911001406414,1,test,2021/5/21,,,,,,,,,,,,,,0.916,,,,,,,,,,,,,,3.0,,,,,,,,,,,,,,0.0,6.0,1.0,,,,7.0,,,7.0,,,,,,,,,,6328.0,,,,,,1.0,,3.0,,0.916
7693779f4d0fa7790ec95f291a93b9ee,0,test,2021/6/30,,,,,,,,,,,,21.0,,,,3.0,,,,,6.083,,,,2.066,3.0,,16.0,,,,,,,,,,,,,,,5.0,,,,,,,,4.0,,,,,,,,,,3799.0,,,,,,,,8.0,,
80e9dcc4d9c9a123085f533c7cc68136,0,test,2021/5/11,,,,,,8.198,,,1.0,,,,,,,2.0,,,,,2.828,,,,25.007,1.0,,2.0,,,,,,,,,,,,,,,24.0,6.0,,,,,,,27.0,,,,,,,,,,6799.0,,,,,,1.0,,8.0,,1.0
e4633c6b41b5706cb550e3762612d0bb,0,test,2021/6/10,,,,,,,,,,,,,,1.0,,,,,,,,,,,,,,1.0,,,,,,,,,,,,,,,1.0,3.0,,,,23.0,,,7.0,,,,,,,,,,5499.0,,,,,,1.0,,3.0,,1.0
816d215a322dde3ca80708b5f4406205,0,test,2021/6/8,,,,,,,,,,,,,,,,,,,,,,,,,,,,1.0,,,,,,,,,,,,,,0.0,1.0,5.0,,,,,,,5.0,,,,,,,,,,3799.0,,,,,,,,,,
4b36a6748de33fa89432e56f0dd028ad,0,test,2021/5/10,,,,,,,,,,,,,,,,2.0,,,,,4.243,,,,0.5,3.0,,1.0,,,,,,,,,,,,,,,1.0,2.0,,,,,,,3.0,,,,,,,,,,6328.0,,,,,,,,2.0,,
2cd6338d87e752368930e2e5986fe2c8,0,test,2021/5/6,,,,,,,3.0,,,,,,,0.69,,4.0,,,,,2.217,,,,1.581,5.0,,1.0,,,,,,,,,,,,,,,12.0,5.0,,,,22.0,,,11.0,,,,,,,,,,5499.0,,,,,,1.0,,3.0,,0.69
03d421bdd83dd684e3ff07f4ce61bc56,0,test,2021/6/9,,,,,,,,,,,,,,,,,,,,,,,,,,,,1.0,,,,,,,,,,,,,,0.0,,3.0,,,,,,,3.0,,,,,,,,,,,,,,,,,,8.0,,
554bfa640d8ae4af24e11fe4ec8d3ce3,1,test,2021/5/12,,,,,,2.121,,,0.016,,,18.0,,0.016,,,,,,,,,,,3.671,1.0,,1.0,,,,,1.0,,,,,0.274,,,,0.0,14.0,1.0,,1.0,,,,,13.0,,,,,,,,,,9299.0,,,,,,1.0,,4.0,,0.032
c82dda8aebd4e580bba279ca220e16d4,0,test,2021/5/26,,,,,,1.676,,,,,,37.0,,,,3.0,,,,,7.572,,,,3.534,5.0,,3.0,,,,,1.0,,,,,,,,,,12.0,2.0,,,,,,,25.0,,,,,,,,,,5499.0,,,,,,,,8.0,,
d3912948c49c1593c85bd7f1169d4501,0,test,2021/5/4,,,,,,2.5,,,,,,,,0.864,,1.0,,,,,,,,,5.0,3.0,,1.0,,,,,,,,,,,,,,0.0,1.0,4.0,,,,24.0,,,12.0,,,,,,,,,,5499.0,,,,,,2.0,,3.0,,0.864
72d03f5206d477228baa8daa73d23516,0,test,2021/5/27,,,,,,0.983,3.0,,,,,9.0,,0.526,,5.0,,,,,1.789,,,,1.697,2.0,,3.0,,,,,,,,,,,,,,,7.0,4.0,,,,24.0,,,15.0,,,,,,,,,,7899.0,,,,,,1.0,,2.0,,0.526
38dad7a3d54d1c152212e5bb7262d41c,0,test,2021/5/11,,,,,,,,,,,,,,1.0,,,,,,,,,,,,,,12.0,,,,,,,,,,,,,,,,,,,,3.0,,,3.0,,,,,,,,,,9299.0,,,,,,1.0,,,,1.0
ee663fae490957aea888bfec7ec85ce0,0,test,2021/5/25,,,,,,,,,,,,,,,,3.0,,,,,,,,,1.3,4.0,,12.0,,,,,,,,,1.0,,13.0,,,,21.0,,,,0.4,,,,6.0,,,,,,,,,,3399.0,,,,,,,,4.0,,
ede192ebb98c6c2fab4f719659a0d101,0,test,2021/6/22,,,,,,,,,,,,,,0.007,,,,,,,,,,,,2.0,,1.0,,,,,,,,,1.0,,86.0,,,,5.0,7.0,,2.0,1.0,3.0,,,30.0,,,,,,,,,,3599.0,,,,,,,,3.0,,0.014
a79e91ac499dd8b5d3df733a54e076ba,1,test,2021/5/27,,,,,,1.0,11.0,,,,,,,,,3.0,,,,,2.309,,,,7.685,3.0,,1.0,,,,,,,,,,,,,,,5.0,6.0,,,,,,,22.0,,,,,,,,,,5499.0,,,,,,,,4.0,,
0a0857575fb7ed45df8023081bf0246a,0,test,2021/6/6,,,,,,,,,,,,,,1.0,,,,,,,,,,,,2.0,,8.0,,,,,,,,,,,,,,,2.0,,,,,3.0,,,5.0,,,,,,,,,,3599.0,,,,,,,,3.0,,1.0
223379a3f86661db8a1a3f975489bd80,0,test,2021/7/28,,,,,,,,,,,,,,,,,,,,,,,,,,,,2.0,,,,,,,,,,,,,,,,1.0,,,,,,,1.0,,,,,,,,,,,,,,,,1.0,,6.0,,
20f7308b1a89e826ff6192e61deb985e,0,test,2021/5/26,,,,,,,,,0.047,,,14.0,,,,4.0,,,,,2.0,,,,,2.0,,2.0,,,,,,,,,,,,,,,12.0,1.0,,1.0,,,,,4.0,,,,,,,,,,5499.0,,,,,,1.0,,3.0,,0.095
00b866d0d92c02d623c1b1b22c057bd7,1,test,2021/6/8,,,,,,,,,,,,1.0,,,,1.0,,,,,,,,,,1.0,,79.0,,,,,,,,,,,,,,,3.0,,,,,,,,,,,,,,,,,,6328.0,,,,,,,,3.0,,
30f4a12414a6f83f8da6a93b8d30a7db,0,test,2021/5/19,,,,,,1.5,,,,,,,,0.791,,1.0,,,,,,,,,0.5,,,2.0,,,,,,,,,,,,,,,10.0,2.0,,,,16.0,,,10.0,,,,,,,,,,7899.0,,,,,,1.0,,3.0,,0.791
f8cb82a94438b08e4a6324c214e25680,0,test,2021/5/4,,,,,,,,,,,,8.0,,0.157,,,,,,,,,,,,4.0,,1.0,,,,,,,,,,,,,,,4.0,1.0,,,,3.0,,,2.0,,,,,,,,,,6799.0,,,,,,,,3.0,,0.157
ccac9487f9b8815346f3a37ac418e2a4,1,test,2021/5/15,,,,,,,,,,,,2.0,,,,,,,,,,,,,,,,28.0,,,,,1.0,,,,,,,,,1.0,1.0,,,,,,,,1.0,,,,,,,,,,9299.0,,,,,,,,8.0,,
e5961be7564739298dd6206e66a2ea2d,0,test,2021/5/8,,,,,,,,,0.125,,,,,,,,,,,,,,,,,2.0,,4.0,,,,,1.0,,,,,,,,,1.0,3.0,2.0,,2.0,,,,,8.0,,,,,,,,,,5499.0,,,,,,,,2.0,,0.25
b81d8f97a3299b6cbbb5988fef9e1b6e,0,test,2021/5/20,,,,,,,,,,,,,,0.888,,,,,,,,,,,3.536,1.0,,1.0,,,,,,,,,,,,,,,4.0,3.0,,,,14.0,,,9.0,,,,,,,,,,7899.0,,,,,,1.0,,2.0,,0.888
0a68f468346305437f08fc7ffe08cbc6,0,test,2021/5/16,,,,,,4.924,,,,,,,,,,32.0,,,,,7.5,,,,8.703,6.0,,1.0,,,,,,,,,1.0,,88.0,,,,75.0,7.0,,,1.0,,,,30.0,,,,,,,,,,3799.0,,,,,,,,4.0,,
7e6031b31e04965b2bbfd3d160f453a9,0,test,2021/6/6,,,,,,2.683,,,,,,,,,,4.0,,,,,4.761,,,,12.333,3.0,,4.0,,,,,,,,,,,,,,,70.0,4.0,,,,,,,22.0,,,,,,,,,,3000.0,,,,,,,,4.0,,
4bb2a55d9779ab656c8f4af3e55847ff,0,test,2021/5/26,,,,,,2.121,,,,,,,,,,1.0,,,,,,,,,5.913,2.0,,1.0,,,,,,,,,,,,,,0.0,17.0,2.0,,,,,,,13.0,,,,,,,,,,3799.0,,,,,,,,6.0,,
9112a20acb2eed68b8cfbd436bcb6446,1,test,2021/6/6,,,,,,0.577,18.0,,,,,13.0,,0.404,,2.0,,,,,,,,,1.414,5.0,,3.0,,,,,,,,,,,,,,,29.0,4.0,,,,,,,25.0,,,,,,,,,,9599.0,,,,,,,,4.0,,
794133d61846918808d5f07dcf628116,1,test,2021/5/20,,,,,,,,,,,,8.0,,,,1.0,,,,,,,,,1.0,3.0,,1.0,,,,,,,,,1.0,,2.0,,,,11.0,6.0,,,0.014,,,,25.0,,,,,,,,,,9599.0,,,,,,,,5.0,,
50bb0bb1ced4ccb8c1219a3e7438d3eb,0,test,2021/6/12,,,,,,5.657,,,,,,,,0.111,,1.0,,,,,,,,,1.155,1.0,,1.0,,,,,,,,,,0.166,,,,,7.0,3.0,,,,2.0,,,11.0,,,,,,,,,,6888.0,,,,,,1.0,,4.0,,0.111
45063d446c53b4a29d61a4efeb29663c,0,test,2021/5/1,,,,,,,,,,,,,,,,,,,,,,,,,,,,3.0,,,,,,,,,1.0,,27.0,,,,12.0,4.0,,,1.0,,,,9.0,,,,,,,,,,6328.0,,,,,,,,4.0,,
274f25e32b92701841fa3517b5eab779,0,test,2021/6/10,,,,,,5.774,14.0,,0.241,,,,,0.258,,1.0,,,,,,,,,,,,1.0,,,,,,,,,,,,,,0.0,16.0,6.0,,2.0,,11.0,,,27.0,,,,,,,,,,6888.0,,,,,,3.0,,3.0,,0.467
097bf6f523aca160a33d06aee5925af0,0,test,2021/5/19,,,,,,,,,0.04,,,2.0,,0.02,,,,,,,,,,,0.894,3.0,,1.0,,,,,,,,,3.0,,19.0,,,,10.0,3.0,,2.0,0.222,,,,9.0,,,,,,,,,,9599.0,,,,,,,,5.0,,0.04
7f508cedf7f50c84f943b3c879f265a6,0,test,2021/5/2,,,,,,,,,,,,,,1.0,,2.0,,,,,4.243,,,,1.414,2.0,,4.0,,,,,,,,,,,,,,,3.0,2.0,,,,18.0,,,8.0,,,,,,,,,,9299.0,,,,,,1.0,,3.0,,1.0
509a417ca2eb97c794c591e0bc944086,0,test,2021/5/6,,,,,,1.893,,,,,,4.0,,0.926,,5.0,,,,,1.304,,,,7.69,4.0,,1.0,,,,,,,,,,,,,,0.0,7.0,7.0,,,,45.0,,,29.0,,,,,,,,,,5499.0,,,,,,1.0,,2.0,,0.926
da704a1f216345aefa6f1200a301bdb0,0,test,2021/5/2,,,,,,,,,0.333,,,,,0.666,,,,,,,,,,,,1.0,,37.0,,,,,,,,,,,,,,,2.0,,,,,2.0,,,,,,,,,,,,,5499.0,,,,,,,,3.0,,1.0
176b58f353fc2f03671c29f13e20ad68,0,test,2021/5/7,,,,,,1.5,,,,,,,,0.382,,4.0,,,,,4.359,,,,3.937,7.0,,2.0,,,,,,,,,,,,,,,12.0,1.0,,,,14.0,,,10.0,,,,,,,,,,5499.0,,,,,,1.0,,3.0,,0.382
f3f6c9231f5a8925da9c35f05157cecb,1,test,2021/5/28,,,,,,1.414,6.0,,,,,,,,,,,,,,,,,,2.168,1.0,,1.0,,,,,,,,,1.0,,38.0,,,,46.0,4.0,,,0.636,,,,14.0,,,,,,,,,,9299.0,,,,,,,,4.0,,
09df25e6e96e7c9e29164bde55b88b77,1,test,2021/5/1,,,,,,,,,,,,,,,,,,,,,,,,,,1.0,,2.0,,,,,,,,,,,,,,1.0,1.0,5.0,,,,,,,21.0,,,,,,,,,,3599.0,,,,,,,,2.0,,
ef414e60e9ba20a8985cbf3409d72fe1,0,test,2021/6/23,,,,,,2.49,,,,,,,,1.0,,1.0,,,,,,,,,,,,2.0,,,,,,,,,,,,,,,,4.0,,,,2.0,,,7.0,,,,,,,,,,8499.0,,,,,,1.0,,,,1.0
422a0db3d1870df446af6dff5d5fc543,0,test,2021/6/30,,,,,,,,,,,,,,,,1.0,,,,,,,,,,2.0,,69.0,,,,,,,,,,1.0,,,,,,,,,,,,,,,,,,,,,,,6888.0,,,,,,,,4.0,,
1635c3dda43587626853ae0194babe85,0,test,2021/5/4,,,,,,,,,,,,14.0,,0.478,,2.0,,,,,0.707,,,,1.574,1.0,,2.0,,,,,,,,,1.0,,,,,1.0,8.0,3.0,,,,18.0,,,18.0,,,,,,,,,,6799.0,,,,,,1.0,,3.0,,0.478
48badcf7f0292d5b22af191d7df3241f,0,test,2021/5/12,,,,,,,,,0.333,,,,,,,,,,,,,,,,,2.0,,1.0,,,,,,,,,,,,,,0.0,1.0,3.0,,2.0,,,,,3.0,,,,,,,,,,3399.0,,,,,,1.0,,4.0,,0.833
69c49091346e5c37cd72376419243f3c,1,test,2021/5/13,,,,,,,,,,,,,,,,,,,,,,,,,,,,5.0,,,,,,,,,,,,,,0.0,,1.0,,,,,,,3.0,,,,,,,,,,6328.0,,,,,,,,,,
2ee4e48fffba4343cbe6406c8d91baf7,0,test,2021/5/5,,,,,,4.95,,,0.035,,,,,0.023,,3.0,,,,,5.568,,,,5.315,5.0,,1.0,,,,,,,,,1.0,,50.0,,,0.0,11.0,4.0,,2.0,0.888,2.0,,,20.0,,,,,,,,,,3599.0,,,,,,2.0,,4.0,,0.058
e6bce34031a49cf679ea55894d31f063,0,test,2021/6/5,,,,,,,,,,,,2.0,,,,,,,,,,,,,,,,1.0,,,,,,,,,,,,,,1.0,,2.0,,,,,,,6.0,,,,,,,,,,6888.0,,,,,,,,8.0,,
6729e96296129bd720b373dce38761ee,0,test,2021/5/8,,,,,,3.304,,,,,,,,1.0,,4.0,,,,,5.679,,,,3.317,1.0,,1.0,,,,,,,,,,,,,,,62.0,7.0,,,,,,,25.0,,,,,,,,,,6888.0,,,,,,,,7.0,,
193e151b5f8c7b91ae93d67b34e0fd99,0,test,2021/5/27,,,,,,1.113,,,,,,50.0,,0.204,,8.0,,,,,3.105,,,,4.64,5.0,,1.0,,,,,,,,,2.0,,2.0,,,,27.0,6.0,,,0.047,23.0,,,19.0,,,,,,,,,,5499.0,,,,,,1.0,,1.0,,0.204
c3894df6d0b0bdf964feb0be6ac01116,0,test,2021/5/24,,,,,,2.858,,,,,,,,0.489,,2.0,,,,,4.95,,,,3.862,3.0,,3.0,,,,,,,,,,,,,,,22.0,3.0,,,,15.0,,,12.0,,,,,,,,,,5499.0,,,,,,1.0,,3.0,,0.489
600e28b6c9dc750b30841323669fe115,0,test,2021/5/11,,,,,,,,,,,,,,,,2.0,,,,,27.577,,,,83.193,1.0,,1.0,,,,,,,,,,,,,,,99.0,7.0,,,,,,,29.0,,,,,,,,,,3599.0,,,,,,,,2.0,,
9ca1c6d48dd7f7d4f12227553b73b774,0,test,2021/5/31,,,,,,,,,,,,,,,,1.0,,,,,,,,,6.807,1.0,,20.0,,,,,,,,,,,,,,,,,,,,,,,2.0,,,,,,,,,,9299.0,,,,,,,,5.0,,
a88d862b9218627874a9f8b4d79a14ed,0,test,2021/5/28,,,,,,5.273,,,0.057,,,1.0,,0.004,,6.0,,,,,1.265,,,,7.969,3.0,,1.0,,,,,,,,,1.0,,78.0,,,0.0,16.0,6.0,,7.0,0.984,,,,26.0,,,,,,,,,,5499.0,,,,,,,,4.0,,0.057
15852f5082e1a6d098ec9e35029f0b6a,0,test,2021/5/8,,,,,,0.707,,,,,,,,0.011,,,,,,,,,,,,1.0,,1.0,,,,,,,,,1.0,,34.0,,,,7.0,7.0,,,0.848,,,,27.0,,,,,,,,,,9599.0,,,,,,,,4.0,,
cab710b35afb61672a2fd394cd832132,0,test,2021/5/13,,,,,,0.577,,,,,,,,,,,,,,,,,,,3.215,1.0,,4.0,,,,,,,,,,,,,,0.0,8.0,3.0,,,,,,,9.0,,,,,,,,,,6328.0,,,,,,,,3.0,,
0ca1291ae0f6df7c58b554afc6ea0055,0,test,2021/5/18,,,,,,1.155,1.0,,,,,2.0,,0.11,,2.0,,,,,31.113,,,,28.284,2.0,,1.0,,,,,1.0,,,,1.0,0.622,,,,1.0,23.0,3.0,,,,11.0,,,17.0,,,,,,,,,,6888.0,,,,,,1.0,,2.0,,0.102
70973e4a7dadac4174f4936307f9a397,0,test,2021/7/11,,,,,,,,,,,,,,0.333,,,,,,,,,,,,,,11.0,,,,,,,,,,,,,,,,,,,,2.0,,,3.0,,,,,,,,,,9599.0,,,,,,,,3.0,,0.333
2cf4eb26b1b03003bf2d9ffc754c8d9f,0,test,2021/5/23,,,,,,,,,,,,10.0,,,,6.0,,,,,5.715,,,,5.983,6.0,,1.0,,,,,,,,,,0.591,,,,,10.0,3.0,,1.0,,,,,5.0,,,,,,,,,,6888.0,,,,,,1.0,,1.0,,0.02
95ef39a9fa76ab2b973f87d5ea4381b0,0,test,2021/7/2,,,,,,,,,,,,,,0.012,,,,,,,,,,,,3.0,,1.0,,,,,,,,,,,,,,,17.0,7.0,,,,5.0,,,30.0,,,,,,,,,,6888.0,,,,,,1.0,,4.0,,0.012
66beb8ecc2b829de2c511fa9bc709927,0,test,2021/6/1,,,,,,26.171,,,,,,,,,,1.0,,,,,,,,,188.092,2.0,,1.0,,,,,,,,,,,,,,,33.0,7.0,,,,,,,30.0,,,,,,,,,,9299.0,,,,,,,,4.0,,
6d013881cf33f628db78cd9637da7b66,0,test,2021/5/30,,,,,,,,,,,,,,0.68,,5.0,,,,,0.894,,,,0.408,6.0,,1.0,,,,,,,,,,,,,,,5.0,4.0,,,,17.0,,,8.0,,,,,,,,,,9599.0,,,,,,1.0,,2.0,,0.68
6ca5625606e11a7b5f1d16eaa4bf5374,0,test,2021/6/5,,,,,,8.877,1.0,,,,,21.0,,0.537,,13.0,,,,,11.361,,,,10.452,3.0,,2.0,,,,,,,,,,,,,,,61.0,6.0,,,,64.0,,,27.0,,,,,,,,,,7899.0,,,,,,2.0,,3.0,,0.703
7cdc8a431ba46bf4dcbf97bafe649408,0,test,2021/5/18,,,,,,,,,0.5,,,,,0.5,,,,,,,,,,,,,,6.0,,,,,,,,,,,,,,,2.0,1.0,,1.0,,1.0,,,1.0,,,,,,,,,,7899.0,,,,,,1.0,,3.0,,1.0
dbadc3c8e3d0d33cd6871e6ba1f5d061,0,test,2021/5/28,,,,,,,,,,,,,,0.435,,,,,,,,,,,0.894,3.0,,1.0,,,,,,,,,1.0,,17.0,,,,9.0,4.0,,,0.631,11.0,,,13.0,,,,,,,,,,3599.0,,,,,,1.0,,4.0,,0.307
78be1110679442e85235f85db9949663,0,test,2021/5/28,,,,,,,,,,,,,,,,,,,,,,,,,,,,28.0,,,,,,,,,,,,,,0.0,1.0,,,,,,,,1.0,,,,,,,,,,3799.0,,,,,,,,4.0,,
e97431ffe2f2f68fd3da9f1f32656617,1,test,2021/7/2,,,,,,,,,,,,16.0,,,,4.0,,,,,0.5,,,,0.843,7.0,,11.0,,,,,,,,,,,,,,,,,,,,,,,6.0,,,,,,,,,,6888.0,,,,,,,,8.0,,
810512e1e258eef7c7e4c7050bd8be4d,0,test,2021/5/23,,,,,,,,,,,,,,0.166,,,,,,,,,,,,1.0,,4.0,,,,,1.0,,,,,,,,,1.0,3.0,2.0,,,,1.0,,,3.0,,,,,,,,,,6888.0,,,,,,1.0,,3.0,,0.166
3dd499ad7c6b648568d15405dc4247d1,0,test,2021/5/21,,,,,,,,,,,,,,0.896,,2.0,,,,,3.536,,,,3.055,2.0,,1.0,,,,,,,,,,,,,,,14.0,4.0,,1.0,,17.0,,,17.0,,,,,,,,,,3599.0,,,,,,1.0,,1.0,,0.931
45617e06b1a4194044dc29ca03411c95,0,test,2021/7/15,,,,,,0.5,2.0,,,,,11.0,,,,,,,,,,,,,,2.0,,2.0,,,,,,,,,2.0,,,,,,8.0,3.0,,,,,,,9.0,,,,,,,,,,5499.0,,,,,,1.0,,3.0,,
e6f7b34b87c7bc835b11a35c5acf7795,1,test,2021/5/20,,,,,,,,,,,,,,0.666,,,,,,,,,,,,,,7.0,,,,,,,,,,,,,,,,1.0,,,,4.0,,,1.0,,,,,,,,,,9599.0,,,,,,1.0,,2.0,,0.666
c1a81d1966135016db0d0ccb831f6d15,1,test,2021/6/17,,,,,,0.577,,,,,,10.0,,,,5.0,,,,,2.168,,,,2.38,4.0,,1.0,,,,,,,,,,,,,,,22.0,7.0,,,,,,,28.0,,,,,,,,,,5499.0,,,,,,,,3.0,,
f7c50409d762ec414e0a003f80702dc8,0,test,2021/5/31,,,,,,,,,,,,,,,,,,,,,,,,,,1.0,,2.0,,,,,,,,,,1.0,,,,0.0,1.0,5.0,,,,,,,24.0,,,,,,,,,,9599.0,,,,,,,,2.0,,
97a58154baee13b3357e3118384c8b02,0,test,2021/5/15,,,,,,4.243,,,,,,16.0,,,,,,,,,,,,,1.414,1.0,,4.0,,,,,,,,,,,,,,0.0,11.0,2.0,,,,,,,15.0,,,,,,,,,,3599.0,,,,,,,,1.0,,
69b285e19f02b8415e9b6b23071396d6,0,test,2021/6/1,,,,,,,,,,,,,,0.833,,,,,,,,,,,,,,47.0,,,,,,,,,,,,,,,1.0,,,,,4.0,,,,,,,,,,,,,3599.0,,,,,,,,3.0,,0.833
cfeb03b725b699ccece22a152a0438c9,0,test,2021/5/28,,,,,,,,,,,,1.0,,0.967,,2.0,,,,,4.243,,,,1.408,5.0,,3.0,,,,,,,,,,,,,,,9.0,2.0,,,,28.0,,,7.0,,,,,,,,,,6888.0,,,,,,1.0,,2.0,,0.967
df16822f66c19817677fc7727ff1c41b,0,test,2021/5/6,,,,,,4.95,,,0.147,,,,,0.073,,,,,,,,,,,1.155,2.0,,2.0,,,,,,,,,,,,,,,8.0,3.0,,,,3.0,,,12.0,,,,,,,,,,5499.0,,,,,,,,3.0,,0.205
3796686c32453b22af8d7c1e5ff146bf,0,test,2021/5/13,,,,,,,,,,,,1.0,,1.0,,,,,,,,,,,,,,1.0,,,,,,,,,,,,,,1.0,,7.0,,,,,,,21.0,,,,,,,,,,5499.0,,,,,,,,7.0,,
8d40407c707b810f2ce42f059a5ae5c6,0,test,2021/7/31,,,,,,1.488,,,,,,13.0,,0.258,,2.0,,,,,3.536,,,,3.876,2.0,,1.0,,,,,,,,,,,,,,,10.0,3.0,,,,13.0,,,12.0,,,,,,,,,,8499.0,,,,,,1.0,,3.0,,0.258
a50560ab16685ecb0c331a26f051a310,0,test,2021/7/26,,,,,,3.494,,,,,,84.0,,,,14.0,,,,,1.109,,,,4.43,10.0,,1.0,,,,,2.0,,,,,,,,,,47.0,7.0,,,,,,,27.0,,,,,,,,,,6328.0,,,,,,,,4.0,,
ae80ff9357dc858547570b27fdbf3f2f,1,test,2021/5/5,,,,,,,,,,,,,,1.0,,,,,,,,,,,,,,1.0,,,,,,,,,,,,,,,7.0,7.0,,,,15.0,,,30.0,,,,,,,,,,6799.0,,,,,,1.0,,2.0,,1.0
f871c49090e9823c8684af2e5cd7e4e3,1,test,2021/6/11,,,,,,2.646,,,,,,6.0,,,,3.0,,,,,86.017,,,,64.655,6.0,,2.0,,,,,,,,,1.0,,15.0,,,,42.0,1.0,,,0.297,,,,15.0,,,,,,,,,,6328.0,,,,,,,,4.0,,
d278dc4ba8c54339e33ffa61dec861aa,0,test,2021/5/8,,,,,,1.414,,,0.988,,,1.0,,,0.988,1.0,,,1.0,,,,,,1.342,3.0,,1.0,,,,,,,,,,,,,,1.0,9.0,3.0,,,,,,,9.0,,,,,,,,,,11899.0,,,,,,1.0,,2.0,,0.988
c5e3adcc76b8442e5b2e93a00af37105,0,test,2021/7/15,,,,,,,,,,,,,,0.833,,,,,,,,,,,0.707,,,4.0,,,,,,,,,1.0,,,,,1.0,1.0,2.0,,,,4.0,,,10.0,,,,,,,,,,7899.0,,,,,,1.0,,,,0.833
9fa754fab85b3c3518c5e3d19beea809,1,test,2021/5/8,,,,,,,,,,,,,,1.0,,,,,,,,,,,,,,1.0,,,,,,,,,,,,,,1.0,10.0,5.0,,,,,,,19.0,,,,,,,,,,9299.0,,,,,,,,,,
733c802976f2dd29ddea5d520de3d483,0,test,2021/5/21,,,,,,1.356,,,,,,,,0.941,,,,,,,,,,,,,,1.0,,,,,,,,,,,,,,0.0,2.0,4.0,,,,10.0,,,10.0,,,,,,,,,,5499.0,,,,,,1.0,,,,0.941
ac13504e862d941d7dc68ad4661d4909,0,test,2021/6/19,,,,,,,,,,,,5.0,,,,,,,,,,,,,1.669,,,14.0,,,,,,,,,,,,,,1.0,2.0,,,,,,,,5.0,,,,,,,,,,7899.0,,,,,,,,3.0,,
e3ce27a63fa567048439c665861b0ab0,0,test,2021/5/11,,,,,,,,,,,,,,0.128,,2.0,,,,,0.707,,,,,1.0,,1.0,,,,,1.0,,,,,0.014,,,,,46.0,3.0,,,,8.0,,,7.0,,,,,,,,,,9599.0,,,,,,1.0,,3.0,,0.128
12dfd05b85fee4ced52697f515e91b5b,0,test,2021/5/11,,,,,,2.646,,,,,,64.0,,0.006,,,,,,,,,,,4.986,4.0,,1.0,,,,,,,,,,,,,,,18.0,6.0,,,,1.0,,,25.0,,,,,,,,,,6328.0,,,,,,,,3.0,,0.006
95f481b141980a915aff3df3307c7d40,0,test,2021/5/31,,,,,,4.243,,,,,,,,1.0,,2.0,,,,,12.728,,,,,3.0,,1.0,,,,,,,,,,,,,,,22.0,6.0,,,,39.0,,,19.0,,,,,,,,,,6328.0,,,,,,1.0,,3.0,,1.0
e404ec7a264c08e16d4e035310d64e31,0,test,2021/5/18,,,,,,16.56,1.0,,,,,22.0,,0.743,,8.0,,,,,2.774,,,,4.653,5.0,,1.0,,,,,,,,,,0.02,,,,,18.0,3.0,,1.0,,46.0,,,19.0,,,,,,,,,,6888.0,,,,,,1.0,,3.0,,0.75
c01d0a4eed09a9f765e512548b5889b5,0,test,2021/5/1,,,,,,,,,,,,,,0.038,,,,,,,,,,,,,,1.0,,,,,1.0,,,,,0.615,,,,1.0,1.0,3.0,,,,1.0,,,11.0,,,,,,,,,,5499.0,,,,,,1.0,,,,0.038
81af18d0261996433f2e2d1c1ff93b3b,0,test,2021/5/5,,,,,,,,,,,,,,,,,,,,,,,,,,,,13.0,,,,,,,,,,,,,,0.0,1.0,,,,,,,,4.0,,,,,,,,,,5499.0,,,,,,,,,,
1b05aa01435e7a86808c75a9214e5c74,0,test,2021/6/4,,,,,,,,,,,,,,0.09,,2.0,,,,,0.707,,,,,4.0,,9.0,,,,,,,,,2.0,,7.0,,,,7.0,,,,0.285,1.0,,,5.0,,,,,,,,,,6328.0,,,,,,,,3.0,,0.09
c3f1889c447dd4d69dde853c5a32b08b,0,test,2021/5/17,,,,,,,1.0,,,,,,,,,,,,,,,,,,,,,6.0,,,,,1.0,,,,,,,,,1.0,2.0,1.0,,,,,,,4.0,,,,,,,,,,9599.0,,,,,,,,6.0,,
969c3537a4a6e41cfbd0c3537c319e5c,0,test,2021/5/23,,,,,,,,,,,,23.0,,,,7.0,,,,,0.535,,,,2.36,9.0,,3.0,,,,,,,,,,0.024,,,,0.0,7.0,1.0,,,,,,,4.0,,,,,,,,,,2320.0,,,,,,,,4.0,,
29c439ab52b4d3410961262f348d017f,0,test,2021/7/4,,,,,,4.206,,,,,,,,,,2.0,,,,,3.536,,,,5.612,,,1.0,,,,,,,,,1.0,,12.0,,,,11.0,7.0,,,1.0,,,,13.0,,,,,,,,,,3399.0,,,,,,,,,,
3b54da85ebd65f6f255811946bf0d17b,0,test,2021/6/12,,,,,,,,,,,,,,0.276,,,,,,,,,,,2.0,2.0,,14.0,,,,,,,,,,0.021,,,,,14.0,,,,,11.0,,,14.0,,,,,,,,,,3799.0,,,,,,1.0,,3.0,,0.276
8806658ec483186539dd53136d5c6f77,1,test,2021/5/26,,,,,,,,,,,,,,,,,,,,,,,,,,,,1.0,,,,,,,,,1.0,,31.0,,,,8.0,3.0,,,1.0,,,,5.0,,,,,,,,,,7899.0,,,,,,,,3.0,,
5d3acf7439b8ce29cf9588868bbf1775,0,test,2021/5/15,,,,,,,,,0.333,,,,,,,2.0,,,,,,,,,,,,3.0,,,,,,,,,,,,,,,1.0,1.0,,,,,,,3.0,,,,,,,,,,3440.0,,,,,,1.0,,5.0,,0.333
176db037decf6056153be0e09533c9aa,0,test,2021/5/6,,,,,,,,,0.025,,,23.0,,0.025,,,,,,,,,,,4.231,2.0,,5.0,,,,,,,,,,0.362,,,,,4.0,1.0,,1.0,,2.0,,,6.0,,,,,,,,,,6888.0,,,,,,,,4.0,,0.075
b29de7516f58ea7249a00cca697cfff6,1,test,2021/5/17,,,,,,1.0,,,,,,,,,,2.0,,,,,10.607,,,,4.32,2.0,,1.0,,,,,,,,,1.0,,42.0,,,,29.0,7.0,,,1.0,,,,19.0,,,,,,,,,,9599.0,,,,,,,,3.0,,
b65abc838e00587017866b22d4e45979,0,test,2021/5/6,,,,,,,,,,,,,,,,,,,,,,,,,,,,1.0,,,,,,,,,,,,,,0.0,2.0,3.0,,,,,,,7.0,,,,,,,,,,3399.0,,,,,,,,,,
93cf3c9b00f789ed6768bead4a16d5de,0,test,2021/7/15,,,,,,1.252,,,,,,,,,,3.0,,,,,,,,,0.688,5.0,,1.0,,,,,,,,,1.0,,17.0,,,,12.0,7.0,,,1.0,,,,16.0,,,,,,,,,,6328.0,,,,,,,,4.0,,
fdbde1137cf8f531c691a2792a353013,0,test,2021/6/29,,,,,,,,,,,,,,1.0,,,,,,,,,,,,,,14.0,,,,,,,,,,,,,,,2.0,,,,,1.0,,,1.0,,,,,,,,,,6888.0,,,,,,1.0,,2.0,,1.0
18f1b3970a4860fbcbf4fd3c1ad38541,1,test,2021/5/12,,,,,,2.309,,,,,,31.0,,0.1,,2.0,,,,,1.414,,,,1.049,8.0,,1.0,,,,,1.0,,,,1.0,0.007,,,,,41.0,4.0,,,,,,,20.0,,,,,,,,,,6328.0,,,,,,,,5.0,,
079c34d28c7adfedc799ffca5dacfa15,1,test,2021/5/19,,,,,,1.965,12.0,,,,,13.0,,,,21.0,,,,,0.655,,,,7.668,4.0,,1.0,,,,,1.0,,,,1.0,0.002,89.0,,,,63.0,7.0,,,0.836,,,,30.0,,,,,,,,,,9599.0,,,,,,,,4.0,,
d415b1744287d1e92c61c988e91e8cdd,0,test,2021/5/2,,,,,,,,,,,,63.0,,0.011,,8.0,,,,,2.1,,,,3.45,4.0,,1.0,,,,,,,,,,0.005,,,,,59.0,2.0,,,,4.0,,,13.0,,,,,,,,,,5499.0,,,,,,,,2.0,,0.014
046c5770a431244ce7f9cca6047b8f16,0,test,2021/5/29,,,,,,,,,,,,,,0.821,,,,,,,,,,,,1.0,,2.0,,,,,,,,,1.0,,4.0,,,,5.0,2.0,,,0.083,17.0,,,5.0,,,,,,,,,,6799.0,,,,,,1.0,,3.0,,0.821
545161fea243cf6456485abc47cfcfd2,0,test,2021/5/5,,,,,,,,,,,,,,0.523,,,,,,,,,,,,,,1.0,,,,,,,,,,,,,,1.0,6.0,4.0,,,,,,,10.0,,,,,,,,,,9599.0,,,,,,,,7.0,,
d16c637fb5f2509caa0849070cf61be9,1,test,2021/5/1,,,,,,,,,,,,,,1.0,,2.0,,,,,,,,,1.414,1.0,,7.0,,,,,,,,,,,,,,,10.0,1.0,,,,14.0,,,4.0,,,,,,,,,,6888.0,,,,,,1.0,,3.0,,1.0
d528377c9fe836815f727afe107af9a8,0,test,2021/7/8,,,,,,,,,0.163,,,68.0,,0.003,,11.0,,,,,14.549,,,,9.899,8.0,,1.0,,,,,,,,,,,,,,,24.0,7.0,,1.0,,28.0,,,28.0,,,,,,,,,,9599.0,,,,,,4.0,,3.0,,0.166
6057a22b9d2e218354faf53a121e2ebb,0,test,2021/5/5,,,,,,,,,,,,,,,,,,,,,,,,,1.389,,,1.0,,,,,,,,,,,,,,1.0,,4.0,,,,,,,4.0,,,,,,,,,,,,,,,,,,,,
abc4efeda2974392d18032fb8c059180,0,test,2021/5/29,,,,,,2.082,,,,,,,,1.0,,3.0,,,,,1.155,,,,1.366,2.0,,8.0,,,,,,,,,,,,,,,25.0,,,,,45.0,,,20.0,,,,,,,,,,7358.0,,,,,,1.0,,3.0,,1.0
1863b51a3be37ef851dcb08507f72411,0,test,2021/7/9,,,,,,,,,,,,,,,,,,,,,,,,,,,,21.0,,,,,,,,,,,,,,0.0,,,,,,,,,2.0,,,,,,,,,,,,,,,,,,2.0,,
136c702255b1927d8b553cbb440cc1c4,0,test,2021/5/22,,,,,,,,,,,,2.0,,,,1.0,,,,,,,,,,3.0,,24.0,,,,,,,,,,,,,,,4.0,,,,,,,,1.0,,,,,,,,,,7899.0,,,,,,,,5.0,,
a73d52bd265cf4b336f478db2421c84b,0,test,2021/6/28,,,,,,,,,,,,,,,,,,,,,,,,,,,,2.0,,,,,,,,,,,,,,,,4.0,,,,,,,5.0,,,,,,,,,,,,,,,,1.0,,,,
c8a520e71f62b78200d69c81ec065bed,0,test,2021/5/5,,,,,,0.726,,,,,,49.0,,,,17.0,,,,,1.478,,,,1.915,3.0,,1.0,,,,,,,,,2.0,,29.0,,,,21.0,6.0,,,0.145,,,,25.0,,,,,,,,,,5499.0,,,,,,,,6.0,,
5a3b2515753ebb67d524e14e8255bedd,1,test,2021/7/6,,,,,,,,,,,,,,,,,,,,,,,,,,,,14.0,,,,,,,,,,,,,,0.0,,,,,,,,,12.0,,,,,,,,,,,,,,,,,,2.0,,
01644eb42351c7342b26a7fd8f24fbe9,0,test,2021/5/12,,,,,,,,,,,,,,1.0,,,,,,,,,,,,,,5.0,,,,,,,,,,,,,,1.0,1.0,3.0,,,,1.0,,,16.0,,,,,,,,,,3599.0,,,,,,,,2.0,,1.0
70b004a411542da5e1e3ff9153ed0c7f,0,test,2021/5/16,,,,,,,,,,,,6.0,,0.636,,1.0,,,,,,,,,0.837,3.0,,2.0,,,,,,,,,,,,,,,17.0,3.0,,,,19.0,,,13.0,,,,,,,,,,3599.0,,,,,,1.0,,3.0,,0.636
8b80a2f3b35084bf6339c2263c877869,0,test,2021/5/16,,,,,,,,,0.017,,,,,0.008,,,,,,,,,,,,,,3.0,,,,,,,,,,,,,,1.0,13.0,5.0,,56.0,,1.0,,,17.0,,,,,,,,,,6888.0,,,,,,2.0,,3.0,,0.938
29bde6947ecdafaae6a6e37d5eaab5a5,0,test,2021/6/4,,,,,,,,,,,,,,,,1.0,,,,,,,,,1.414,4.0,,16.0,,,,,,,,,,,,,,,17.0,,,,,19.0,,,4.0,,,,,,,,,,6888.0,,,,,,,,3.0,,0.962
eb6c323ca69c7056afd8806b254adca2,0,test,2021/6/6,,,,,,,,,,,,32.0,,,,9.0,,,,,6.633,,,,1.438,1.0,,1.0,,,,,,,,,,,,,,0.0,6.0,6.0,,1.0,,,,,19.0,,,,,,,,,,3399.0,,,,,,1.0,,8.0,,0.016
52d1398f489ed92758c996ada2c9ab7c,0,test,2021/5/14,,,,,,,,,,,,,,0.115,,,,,,,,,,,3.95,,,5.0,,,,,1.0,,,,,0.653,,,,,12.0,1.0,,,,2.0,,,7.0,,,,,,,,,,6799.0,,,,,,1.0,,4.0,,0.115
add08aecd731b3553faccc38536f6df6,0,test,2021/5/17,,,,,,5.657,,,,,,,,1.0,,2.0,,,,,36.77,,,,,2.0,,1.0,,,,,,,,,,,,,,,3.0,6.0,,,,32.0,,,27.0,,,,,,,,,,3299.0,,,,,,1.0,,2.0,,1.0
6012c04f64cd2ae274ad15535564f84e,0,test,2021/5/2,,,,,,,,,0.023,,,,,,,,,,,,,,,,1.414,,,1.0,,,,,,,,,,,,,,,3.0,3.0,,1.0,,,,,10.0,,,,,,,,,,3599.0,,,,,,1.0,,5.0,,0.023
ddc0791a9d21617ef9a78aaba3ae736a,0,test,2021/5/11,,,,,,,,,,,,,,0.25,,1.0,,,,,,,,,,1.0,,2.0,,,,,,,,,1.0,,7.0,,,,1.0,1.0,,,1.0,2.0,,,2.0,,,,,,,,,,6799.0,,,,,,,,3.0,,0.25
a7216f1f5163ce6b696fd135f83f191a,0,test,2021/5/8,,,,,,6.692,,,,,,50.0,,0.317,,2.0,,,,,4.95,,,,7.588,8.0,,1.0,,,,,,,,,,,,,,,31.0,6.0,,,,30.0,,,24.0,,,,,,,,,,5499.0,,,,,,1.0,,3.0,,0.317
70a857bf4fe603f166b581c93a806b78,0,test,2021/5/22,,,,,,21.258,,,0.052,,,,,0.003,,4.0,,,,,78.335,,,,77.08,3.0,,2.0,,,,,,,,,,,,,,,81.0,5.0,,,,20.0,,,28.0,,,,,,,,,,3399.0,,,,,,2.0,,4.0,,0.055
f13b796bf47d3fa57cafdb93d8fa5dfb,1,test,2021/5/23,,,,,,2.949,6.0,,,,,,,,,5.0,,,,,1.732,,,,2.514,1.0,,1.0,,,,,,,,,1.0,,42.0,,,,19.0,7.0,,,0.962,,,,28.0,,,,,,,,,,6799.0,,,,,,,,4.0,,
56501d079d950de4e8c37750e764cb4e,0,test,2021/5/30,,,,,,,,,,,,,,,,,,,,,,,,1.0,,,,1.0,,,,,,,,,,1.0,,,1.0,0.0,1.0,6.0,,,,,,,12.0,,,,,,,,1.0,,8699.0,,,,,,,,2.0,,
57f0966147e2c863b4bdb0963695ab61,0,test,2021/5/5,,,,,,,,,,,,,,1.0,,,,,,,,,,,,2.0,,15.0,,,,,,,,,,,,,,,3.0,,,,,13.0,,,3.0,,,,,,,,,,7899.0,,,,,,1.0,,3.0,,1.0
a146d76b8e7a64e60790822fc7520540,1,test,2021/5/4,,,,,,38.311,,,,,,,,,,5.0,,,,,14.237,,,,47.067,1.0,,1.0,,,,,,,,,,,,,,,136.0,7.0,,,,,,,30.0,,,,,,,,,,5499.0,,,,,,,,3.0,,
495daaa8a9d72a3238acc37f23c979d2,0,test,2021/5/11,,,,,,3.335,,,0.123,,,,,0.769,,1.0,,,,,,,,,1.183,3.0,,1.0,,,,,,,,,,,,,,1.0,21.0,3.0,,9.0,,43.0,,,13.0,,,,,,,,,,5499.0,,,,,,5.0,,2.0,,0.938
d21d4f27034fe7e5553ab4e26c942dbd,1,test,2021/6/19,,,,,,,,,,,,,,,,,,,,,,,,,,2.0,,1.0,,,,,,,,,,,1.0,,,,25.0,7.0,,9.0,,,,,30.0,,,,,,,,,,3000.0,,,,,,2.0,,4.0,,0.011
f7ea741e793a3229099e9f2412ad314c,0,test,2021/5/17,,,,,,,,,,,,32.0,,0.157,,2.0,,,,,34.648,,,,22.366,3.0,,4.0,,,,,,,,,,0.008,,,,,50.0,4.0,,,,,,,27.0,,,,,,,,,,5499.0,,,,,,,,5.0,,
fd4f3090b7e4de2d2e8649a0836704c1,0,test,2021/5/2,,,,,,0.5,,,,,,39.0,,0.315,,12.0,,,,,3.571,,,,3.631,8.0,,6.0,,,,,,,,,,0.087,,,,0.0,24.0,2.0,,,,27.0,,,17.0,,,,,,,,,,5499.0,,,,,,,,2.0,,0.315
4bbca1839436c9f2a59d0c4c4c944b94,0,test,2021/5/10,,,,,,7.574,,,,,,27.0,,0.065,,5.0,,,,,35.564,,,,43.775,6.0,,2.0,,,,,,,,,,,,,,0.0,43.0,4.0,,,,21.0,,,27.0,,,,,,,,,,5499.0,,,,,,1.0,,3.0,,0.065
49758b4da03fc40b77aa78b1984ae387,0,test,2021/5/6,,,,,,,,,,,,,,,,,,,,,,,,,,,,5.0,,,,,,,,,,,,,,1.0,,2.0,,,,,,,10.0,,,,,,,,,,,,,,,,,,8.0,,
76fde12dfaf08e4bd7cd5fb0817802f5,0,test,2021/5/4,,,,,,,,,0.5,,,,,0.5,,,,,,,,,,,,,,1.0,,,,,,,,,,,,,,0.0,,2.0,,1.0,,1.0,,,4.0,,,,,,,,,,6888.0,,,,,,1.0,,,,0.5
46f8fb19e527622ca41b4ef22a152aa7,0,test,2021/5/18,,,,,,2.887,,,,,,42.0,,0.475,,20.0,,,,,2.371,,,,2.434,4.0,,4.0,,,,,,,,,,0.02,,,,,20.0,3.0,,,,,,,22.0,,,,,,,,,,9299.0,,,,,,,,3.0,,
45ece2e8a51726adbda10338c1625ffb,0,test,2021/5/17,,,,,,,,,0.045,,,,,0.863,,,,,,,,,,,2.828,2.0,,8.0,,,,,,,,,,,,,,,1.0,,,,,16.0,,,7.0,,,,,,,,,,7899.0,,,,,,1.0,,3.0,,0.909
f11856cafc678dd3a4ce58e11b33981d,1,test,2021/5/18,,,,,,0.765,1.0,,,,,,,,,5.0,,,,,1.304,,,,3.362,4.0,,1.0,,,,,,,,,2.0,,86.0,,,1.0,15.0,7.0,,,0.977,,,,30.0,,,,,,,,,,8699.0,,,,,,,,4.0,,
808d8e611967dec5c0276dd73acd2955,0,test,2021/5/11,,,,,,,,,,,,,,1.0,,2.0,,,,,1.414,,,,,6.0,,10.0,,,,,,,,,,,,,,,9.0,,,,,14.0,,,4.0,,,,,,,,,,9599.0,,,,,,1.0,,3.0,,1.0
7240f06ad5dde59d379411a7a924be93,0,test,2021/6/4,,,,,,,,,,,,,,0.123,,,,,,,,,,,,,,1.0,,,,,1.0,,,,,,,,,,37.0,5.0,,,,,,,24.0,,,,,,,,,,9599.0,,,,,,1.0,,4.0,,0.13
d114d91b380e4a3ab15811cf1c0ce645,0,test,2021/5/4,,,,,,1.0,,,,,,,,0.927,,3.0,,,,,2.082,,,,2.828,3.0,,2.0,,,,,,,,,,,,,,0.0,14.0,3.0,,,,34.0,,,10.0,,,,,,,,,,5499.0,,,,,,1.0,,2.0,,0.927
1271b4ad2ae0655dce0a7c688969c6d8,0,test,2021/5/6,,,,,,2.121,,,0.243,,,10.0,,0.135,,2.0,,,,,,,,,3.498,3.0,,1.0,,,,,,,,,1.0,,10.0,,,,26.0,4.0,,,0.384,1.0,,,12.0,,,,,,,,,,7899.0,,,,,,2.0,,1.0,,0.297
a0be3f0f9112a99e8b41651a7171ed7d,0,test,2021/6/4,,,,,,,,,,,,12.0,,0.071,,4.0,,,,,0.577,,,,,3.0,,9.0,,,,,,,,,,,,,,,,,,,,1.0,,,1.0,,,,,,,,,,7899.0,,,,,,,,7.0,,0.071
68dace8e2cbbdb89201840649bf9814b,0,test,2021/5/27,,,,,,,,,0.4,,,,,,,,,,,,,,,,,,,5.0,,,,,1.0,,,,,,,,,0.0,4.0,2.0,,6.0,,,,,7.0,,,,,,,,,,2320.0,,,,,,1.0,,5.0,,0.4
cb998c06e695df642bc0c4bd1c32b016,1,test,2021/5/15,,,,,,,,,,,,,,0.148,,,,,,,,,,,,3.0,,1.0,,,,,,,,,,0.814,,,,,7.0,2.0,,,,2.0,,,5.0,,,,,,,,,,8699.0,,,,,,1.0,,4.0,,0.148
7a23a8325e5c2b606ece51616b12989d,0,test,2021/5/18,,,,,,,,,,,,,,0.034,,,,,,,,,,,,1.0,,1.0,,,,,,,,,,,,,,,3.0,4.0,,,,1.0,,,13.0,,,,,,,,,,6328.0,,,,,,,,3.0,,0.034
09cc787a2a66cab11a2337c84fc85a86,0,test,2021/5/13,,,,,,4.555,,,,,,9.0,,0.287,,4.0,,,,,1.0,,,,5.407,1.0,,1.0,,,,,,,,,1.0,0.388,,,,1.0,12.0,5.0,,,,23.0,,,17.0,,,,,,,,,,3599.0,,,,,,1.0,,2.0,,0.287
3108df799e06e056b922baece6272805,1,test,2021/5/6,,,,,,0.707,,,,,,,,,,,,,,,,,,,3.697,,,1.0,,,,,,,,,,1.0,,,,1.0,1.0,2.0,,,,,,,7.0,,,,,,,,,,3599.0,,,,,,,,4.0,,
45baf93db94b205239e727ca7ff820cb,0,test,2021/5/11,,,,,,3.096,,,,,,,,,,5.0,,,,,4.219,,,,8.508,6.0,,1.0,,,,,,,,,1.0,,87.0,,,,44.0,7.0,,,1.0,,,,30.0,,,,,,,,,,3799.0,,,,,,,,4.0,,
4680e549b73d0911ed2c6385e40a9bbe,0,test,2021/7/7,,,,,,,,,0.09,,,1.0,,,,2.0,,,,,7.071,,,,1.602,3.0,,5.0,,,,,,,,,,,,,,,5.0,2.0,,,,,,,5.0,,,,,,,,,,3599.0,,,,,,1.0,,5.0,,0.09
5ad072e745d20754cdb155515669af53,1,test,2021/5/5,,,,,,,,,,,,,,,,5.0,,,,,3.937,,,,15.395,,,3.0,,,,,,,,,,,,,,,21.0,3.0,,,,,,,13.0,,,,,,,,,,7899.0,,,,,,1.0,,,,0.944
ce23b670e8fc4d1b3cd1cf778a3450c7,0,test,2021/5/19,,,,,,,,,0.171,,,,,0.125,,,,,,,,,,,2.887,5.0,,2.0,,,,,,,,,,,,,,0.0,14.0,3.0,,8.0,,7.0,,,14.0,,,,,,,,,,3399.0,,,,,,1.0,,2.0,,0.546
32da4ebbfcd5d55ca242d33471e64903,0,test,2021/5/10,,,,,,,,,1.0,,,,,,,,,,,,,,,,,,,9.0,,,,,,,,,,,,,,,2.0,,,,,,,,5.0,,,,,,,,,,5499.0,,,,,,,,1.0,,1.0
c05041950e1de20ac152e15993fa9c4f,0,test,2021/5/27,,,,,,25.456,17.0,,,,,23.0,,0.338,,,,,,,,,,,0.707,2.0,,1.0,,,,,,,,,,,,,,,55.0,7.0,,,,31.0,,,29.0,,,,,,,,,,7899.0,,,,,,1.0,,3.0,,0.181
45660cbd9a96cef448734905f33117a4,0,test,2021/6/2,,,,,,,,,,,,,,0.004,,,,,,,,,,,,,,1.0,,,,,,,,,1.0,,,,,,37.0,7.0,,,,1.0,,,26.0,,,,,,,,,,3599.0,,,,,,,,4.0,,0.004
5db6265ad3f8b3ca07776d31e81fa4a6,1,test,2021/6/2,,,,,,,,,,,,,,,,,,,,,,,,,,,,13.0,,,,,,,,,,,,,,0.0,1.0,,,,,,,,1.0,,,,,,,,,,11899.0,,,,,,,,2.0,,
a3b3755657e59ae5f8fb63d72ed12dc3,0,test,2021/5/28,,,,,,,,,0.086,,,44.0,,,,,,,,,,,,,,1.0,,1.0,,,,,1.0,,,,,,,,,1.0,22.0,6.0,,9.0,,,,,19.0,,,,,,,,,,7899.0,,,,,,3.0,,4.0,,0.268
af177bea8e5c9a68747b1d035469ab63,0,test,2021/7/26,,,,,,12.041,,,,,,1.0,,,,7.0,,,,,48.097,,,,15.536,4.0,,1.0,,,,,,,,,,,,,,,81.0,7.0,,,,,,,30.0,,,,,,,,,,7899.0,,,,,,1.0,,5.0,,0.927
ae1cfc7e8eda9b47af817d6c4de8761a,0,test,2021/5/4,,,,,,,,,,,,,,0.818,,,,,,,,,,,,,,2.0,,,,,1.0,,,,,,,,,,9.0,1.0,,,,6.0,,,4.0,,,,,,,,,,6799.0,,,,,,1.0,,4.0,,0.636
2df87f22dc0127fce1930e7f4e776013,1,test,2021/5/26,,,,,,,,,,,,,,,,,,,,,,,,,,,,1.0,,,,,,,,,2.0,0.074,1.0,,,1.0,12.0,3.0,,,0.018,,,,22.0,,,,,,,,,,6888.0,,,,,,,,,,
b7cea0b508cf3443b1e66a6d05c2f990,0,test,2021/5/6,,,,,,,,,,,,,,,,1.0,,,,,,,,,7.234,1.0,,25.0,,,,,,,,,1.0,,24.0,,,,13.0,,,,1.0,,,,6.0,,,,,,,,,,6328.0,,,,,,,,5.0,,
731b141de375c30815fe96b4d98b6a9d,0,test,2021/5/11,,,,,,,,,,,,,,1.0,,,,,,,,,,,,,,4.0,,,,,,,,,,,,,,,,1.0,,,,1.0,,,3.0,,,,,,,,,,5499.0,,,,,,1.0,,6.0,,1.0
a7561c2c5e9d64f08a83317bb784fa8e,0,test,2021/5/5,,,,,,,,,,,,25.0,,,,2.0,,,,,,,,,1.214,4.0,,3.0,,,,,,,,,,,,,,,13.0,3.0,,,,,,,13.0,,,,,,,,,,3599.0,,,,,,,,1.0,,
7cd7af7b554271d1e75b130ceeb57e5c,0,test,2021/5/24,,,,,,,,,,,,,,1.0,,,,,,,,,,,0.5,1.0,,3.0,,,,,,,,,,,,,,,4.0,3.0,,,,6.0,,,9.0,,,,,,,,,,5499.0,,,,,,1.0,,3.0,,1.0
4b068817c5209e56e2e39f30e0e070d5,1,test,2021/7/17,,,,,,,,,0.285,,,3.0,,,,,,,,,,,,,,1.0,,2.0,,,,,,,,,,,,,,,2.0,1.0,,,,,,,2.0,,,,,,,,,,6888.0,,,,,,1.0,,4.0,,0.285
e0b493a946d1bc7bb8dcedd1b4d2521a,1,test,2021/6/4,,,,,,0.707,,,,,,29.0,,,,8.0,,,,,3.464,,,,1.458,7.0,,1.0,,,,,,,,,,,,,,,2.0,2.0,,,,,,,11.0,,,,,,,,,,9599.0,,,,,,,,2.0,,
fd0bd781ec01c2b26e809d47d4cbad6e,0,test,2021/7/30,,,,,,4.862,22.0,,,,,5.0,,,,4.0,,,,,8.5,,,,12.156,1.0,,1.0,,,,,,,,,1.0,,49.0,,,,28.0,7.0,,,0.306,,,,26.0,,,,,,,,,,3599.0,,,,,,,,4.0,,
2830112d982ca9cc48b00513d70fb12b,0,test,2021/6/17,,,,,,5.876,,,,,,,,0.149,,3.0,,,,,1.0,,,,8.337,5.0,,1.0,,,,,,,,,1.0,,71.0,,,,43.0,7.0,,,0.765,25.0,,,27.0,,,,,,,,,,6888.0,,,,,,1.0,,4.0,,0.149
b9520ac9d8135b9b48a4ec5ee380402b,0,test,2021/5/5,,,,,,1.732,,,,,,8.0,,0.481,,,,,,,,,,,0.707,2.0,,1.0,,,,,,,,,,,,,,,8.0,1.0,,,,10.0,,,6.0,,,,,,,,,,8499.0,,,,,,1.0,,2.0,,0.481
bf26644f0dc55af47e8be4bab5f29da6,0,test,2021/5/26,,,,,,2.911,1.0,,0.033,,,39.0,,0.325,,6.0,,,,,3.507,,,,4.119,9.0,,2.0,,,,,,,,,,,,,,,28.0,2.0,,,,23.0,,,17.0,,,,,,,,,,7899.0,,,,,,1.0,,3.0,,0.348
31b0f0321ba2626fc532f28254effcf1,0,test,2021/5/31,,,,,,0.957,,,,,,30.0,,0.014,,1.0,,,,,,,,,2.805,3.0,,8.0,,,,,,,,,1.0,,,,,,8.0,,,,,,,,11.0,,,,,,,,,,7899.0,,,,,,,,5.0,,
71a16ffd4a05c85894cb59cbfd50d7bd,0,test,2021/5/31,,,,,,,,,,,,,,1.0,,,,,,,,,,,,1.0,,1.0,,,,,,,,,,,,,,,,4.0,,,,2.0,,,7.0,,,,,,,,,,5499.0,,,,,,1.0,,,,1.0
424cbe84f4ac4685e9ebabfa5621aca7,1,test,2021/5/28,,,,,,,,,0.428,,,,,,,,,,1.0,,,,,,,,,1.0,,,,,,,,,,,,,,,6.0,1.0,,,,,,,5.0,,,,,,,,,,6888.0,,,,,,2.0,,4.0,,1.0
3420171d710eee40be0c7ddc13490580,1,test,2021/5/22,,,,,,,,,0.843,,,5.0,,,,,,,1.0,,,,,,1.633,2.0,,1.0,,,,,,,,,,0.125,,,,,8.0,7.0,,,,,,,27.0,,,,,,,,,,3599.0,,,,,,1.0,,5.0,,0.843
08b16ef61052a3ea506195f31996f616,1,test,2021/7/8,,,,,,,,,,,,17.0,,,,5.0,,,,,0.548,,,,0.87,2.0,,1.0,,,,,,,,,,,,,,,4.0,3.0,,,,,,,11.0,,,,,,,,,,7899.0,,,,,,,,1.0,,
0c493188f46c97518163228d70a95252,0,test,2021/5/7,,,,,,5.033,,,,,,57.0,,0.355,,3.0,,,,,3.0,,,,9.201,3.0,,1.0,,,,,,,,,,,,,,,37.0,6.0,,,,33.0,,,29.0,,,,,,,,,,7899.0,,,,,,1.0,,3.0,,0.355
cc9aa4ab123aecb5bb1aa023d6097dbf,0,test,2021/7/14,,,,,,,17.0,,,,,7.0,,,,,,,,,,,,,8.18,2.0,,1.0,,,,,1.0,,,,,,,,,,28.0,7.0,,,,,,,24.0,,,,,,,,,,7899.0,,,,,,1.0,,8.0,,
0f3b8ef4385f48d3f885b1b5f4060e9f,0,test,2021/5/21,,,,,,,,,,,,,,,,3.0,,,,,1.155,,,,1.732,2.0,,2.0,,,,,,,,,1.0,,26.0,,,,10.0,4.0,,,1.0,,,,14.0,,,,,,,,,,6799.0,,,,,,,,4.0,,
b96acaf2bc086d4b4011f1be5c7882ad,1,test,2021/5/11,,,,,,,,,,,,,,,,,,,,,,,,,,1.0,,4.0,,,,,,,,,1.0,,26.0,,,,17.0,1.0,,,1.0,,,,6.0,,,,,,,,,,9599.0,,,,,,,,4.0,,
5d4428f8b906386653067a76b51aabcd,0,test,2021/5/1,,,,,,,,,,,,,,1.0,,3.0,,,,,0.577,,,,0.707,2.0,,1.0,,,,,,,,,,,,,,,,4.0,,,,12.0,,,17.0,,,,,,,,,,5499.0,,,,,,1.0,,3.0,,1.0
226c9c18d98837a51a939ebbd2834ceb,0,test,2021/5/24,,,,,,,10.0,,,,,15.0,,,,,,,,,,,,,1.727,,,1.0,,,,,,,,,,,,,,,9.0,3.0,,,,,,,15.0,,,,,,,,,,5499.0,,,,,,1.0,,3.0,,
7bf8c68a4c9595b72a6ff268147e8ab7,0,test,2021/5/22,,,,,,,,,,,,,,0.95,,4.0,,,,,0.957,,,,2.121,2.0,,1.0,,,,,,,,,,,,,,0.0,1.0,3.0,,,,14.0,,,6.0,,,,,,,,,,5499.0,,,,,,1.0,,3.0,,0.95
56d7dc7b1ab2e1dd77681cc497545544,0,test,2021/5/1,,,,,,,,,,,,,,0.565,,3.0,,,,,2.082,,,,1.414,2.0,,1.0,,,,,,,,,,0.26,,,,,5.0,7.0,,,,8.0,,,27.0,,,,,,,,,,5499.0,,,,,,1.0,,2.0,,0.565
6e2bd1144c6439adaf238aab5bd99656,0,test,2021/5/26,,,,,,,,,,,,,,1.0,,,,,,,,,,,,,,26.0,,,,,,,,,,,,,,,,,,,,1.0,,,1.0,,,,,,,,,,5499.0,,,,,,,,,,1.0
d50987af5c314aee5cf5c605136b495e,0,test,2021/7/2,,,,,,1.414,,,,,,2.0,,0.021,,1.0,,,,,,,,,2.828,2.0,,2.0,,,,,,,,,1.0,,31.0,,,,12.0,2.0,,,0.8,1.0,,,13.0,,,,,,,,,,5499.0,,,,,,,,4.0,,0.021
ebed578b00f1f21f17299364d8273cb2,1,test,2021/5/19,,,,,,1.5,,,,,,14.0,,,,2.0,,,,,1.414,,,,2.38,4.0,,2.0,,,,,,,,,,,,,,,22.0,4.0,,,,,,,14.0,,,,,,,,,,3599.0,,,,,,,,5.0,,
fd73867ddf171330fb4592632d7093b9,1,test,2021/6/16,,,,,,13.732,,,,,,,,,,3.0,,,,,12.503,,,,9.214,3.0,,1.0,,,,,,,,,1.0,,52.0,,,,22.0,7.0,,,1.0,,,,29.0,,,,,,,,,,6328.0,,,,,,,,4.0,,
fd8112191ce0a551706a0bf290cf4070,1,test,2021/5/14,,,,,,0.957,,,,,,12.0,,0.032,,,,,,,,,,,1.5,2.0,,2.0,,,,,,,,,1.0,,31.0,,,,23.0,4.0,,,0.882,,,,13.0,,,,,,,,,,6888.0,,,,,,,,4.0,,
9348ce717f521d79229deca99c77fa90,0,test,2021/5/4,,,,,,23.335,,,,,,,,0.482,,2.0,,,,,9.192,,,,6.795,1.0,,2.0,,,,,,,,,1.0,,,,,,25.0,6.0,,,,37.0,,,25.0,,,,,,,,,,5499.0,,,,,,1.0,,3.0,,0.374
9a22dec9c6af3ea30e26c4a61f95d73f,0,test,2021/5/13,,,,,,1.0,,,,,,,,1.0,,,,,,,,,,,4.95,2.0,,3.0,,,,,,,,,,,,,,,7.0,1.0,,,,18.0,,,5.0,,,,,,,,,,3440.0,,,,,,1.0,,2.0,,1.0
4f32ebf95552d6830c547f3920687fef,0,test,2021/5/5,,,,,,,,,,,,,,,,,,,,,,,,,,,,3.0,,,,,,,,,,,,,,1.0,,1.0,,,,,,,5.0,,,,,,,,,,,,,,,,,,8.0,,
7bcf4cceb093c428b761da13b694e3eb,0,test,2021/5/11,,,,,,,16.0,,,,,,,0.029,,,,,,,,,,,,,,1.0,,,,,,,,,,,,,,0.0,13.0,7.0,,,,2.0,,,19.0,,,,,,,,,,6888.0,,,,,,1.0,,3.0,,0.029
7dabb37de1e55ac92533234bc069bc60,1,test,2021/5/10,,,,,,,,,,,,,,,,,,,,,,,,,364.16,1.0,,2.0,,,,,,,,,,0.73,,,,,31.0,1.0,,,,,,,13.0,,,,,,,,,,3599.0,,,,,,,,4.0,,0.017
812f8dc1f74786e9865b172a86ee654b,1,test,2021/5/3,,,,,,0.922,,,,,,54.0,,,,7.0,,,,,15.619,,,,4.081,7.0,,3.0,,,,,,,,,,,,,,,35.0,2.0,,,,,,,18.0,,,,,,,,,,3599.0,,,,,,,,4.0,,
fdb0da980ee82d6c520d59a9b3c0b1a5,1,test,2021/5/19,,,,,,30.18,,,,,,,,,,4.0,,,,,28.337,,,,43.992,2.0,,1.0,,,,,1.0,,,,1.0,,73.0,,,,81.0,7.0,,,1.0,,,,29.0,,,,,,,,,,7899.0,,,,,,,,4.0,,
1e82b4cc185a28077aec4dceb51a2dda,0,test,2021/5/5,,,,,,,,,0.001,,,,,,,2.0,,,,,0.707,,,,47.777,4.0,,1.0,,,,,,,,,,0.001,,,,0.0,88.0,7.0,,1.0,,,,,30.0,,,,,,,,,,2320.0,,,,,,,,5.0,,0.001
cc9d4a108150071ed9fda83f53dfb7ed,0,test,2021/5/20,,,,,,,,,,,,,,1.0,,3.0,,,,,,,,,1.155,1.0,,6.0,,,,,,,,,,,,,,,7.0,2.0,,,,13.0,,,2.0,,,,,,,,,,9299.0,,,,,,1.0,,3.0,,1.0
2011942127417b03e448f0a42871a08f,0,test,2021/5/20,,,,,,,,,,,,,,0.727,,,,,,,,,,,,1.0,,2.0,,,,,,,,,,,,,,,8.0,3.0,,,,20.0,,,11.0,,,,,,,,,,6888.0,,,,,,1.0,,3.0,,0.727
60383e4bf1a1ca8c3796b14b6188fa62,0,test,2021/5/27,,,,,,0.577,,,,,,4.0,,0.833,,,,,,,,,,,8.485,1.0,,4.0,,,,,,,,,,,,,,,6.0,1.0,,,,16.0,,,7.0,,,,,,,,,,5499.0,,,,,,1.0,,3.0,,0.523
f798019c9987921600bf958df1f5f56d,0,test,2021/7/15,,,,,,,,,,,,,,,,,,,,,,,,,,1.0,,1.0,,,,,,,,,,,,,,0.0,5.0,1.0,,,,,,,1.0,,,,,,,,,,3599.0,,,,,,,,4.0,,
d6bcaba454e11176eea8fdb3ddea2624,0,test,2021/5/6,,,,,,,,,0.833,,,,,,,,,,,,,,,,,,,5.0,,,,,,,,,,,,,,,2.0,1.0,,5.0,,,,,3.0,,,,,,,,,,6328.0,,,,,,1.0,,5.0,,0.833
e73f3058584e307d4b06b42448ba710a,1,test,2021/5/14,,,,,,1.069,4.0,,,,,,,,,10.0,,,,,0.632,,,,1.088,6.0,,1.0,,,,,,,,,1.0,0.069,43.0,,,,16.0,6.0,,,0.727,,,,18.0,,,,,,,,,,6328.0,,,,,,,,4.0,,
eb2df092ead3985fff42286a5d712146,0,test,2021/5/31,,,,,,,,,,,,,,1.0,,2.0,,,,,4.243,,,,,3.0,,5.0,,,,,,,,,,,,,,,7.0,1.0,,,,18.0,,,5.0,,,,,,,,,,9299.0,,,,,,1.0,,3.0,,1.0
5228830560d3fdf344e10b46f1a6a364,1,test,2021/5/3,,,,,,,,,,,,,,,,,,,,,,,,,,,,29.0,,,,,,,,,1.0,,,,,,3.0,,,,1.0,,,,1.0,,,,,,,,,,3599.0,,,,,,,,6.0,,
c95c7206f412d38a5841500e52f96671,0,test,2021/5/21,,,,,,73.539,,,,,,,,,,11.0,,,,,285.845,,,,280.975,1.0,,1.0,,,,,1.0,,,,,1.0,,,,,28.0,6.0,,,,,,,29.0,,,,,,,,,,9599.0,,,,,,,,2.0,,
84726e0c31a16548afbff22d7d800749,1,test,2021/5/7,,,,,,4.761,,,,,,22.0,,,,3.0,,,,,,,,,4.243,3.0,,1.0,,,,,,,,,1.0,,53.0,,,,47.0,7.0,,,0.173,,,,29.0,,,,,,,,,,6888.0,,,,,,,,3.0,,
6828490e88e2e4cc4acde20b6a100a4d,0,test,2021/5/20,,,,,,5.292,,,,,,,,,,1.0,,,,,,,,,17.898,1.0,,1.0,,,,,,,,,1.0,,54.0,,,,39.0,5.0,,,0.711,,,,23.0,,,,,,,,,,6888.0,,,,,,,,5.0,,
94250ee0c5cb39ab92034e3efba7a508,0,test,2021/6/2,,,,,,3.5,,,,,,9.0,,0.32,,1.0,,,,,,,,,9.899,8.0,,3.0,,,,,,,,,1.0,,29.0,,,,22.0,4.0,,,0.64,20.0,,,17.0,,,,,,,,,,5499.0,,,,,,1.0,,3.0,,0.32
53e54d913f9a1141cbaae9551d2c90ec,0,test,2021/5/14,,,,,,4.83,,,,,,41.0,,0.007,,5.0,,,,,2.608,,,,6.261,3.0,,1.0,,,,,,,,,,,,,,,40.0,5.0,,,,1.0,,,23.0,,,,,,,,,,5499.0,,,,,,,,2.0,,0.007
10dbc5755850b0c4c32181a1549f5d1a,0,test,2021/5/3,,,,,,4.95,,,,,,17.0,,,,9.0,,,,,1.414,,,,1.886,5.0,,1.0,,,,,,,,,,,,,,0.0,1.0,3.0,,,,,,,14.0,,,,,,,,,,9599.0,,,,,,,,3.0,,
8b68478fe8d66573392fa2567b3f5c39,0,test,2021/5/21,,,,,,,,,,,,,,,,,,,,,,,,,,,,29.0,,,,,,,,,,,,,,0.0,,,,,,,,,1.0,,,,,,,,,,,,,,,,,,6.0,,
b7d473611ac8fc3df4f8fdda5fc78028,1,test,2021/5/7,,,,,,0.957,,,,,,40.0,,,,8.0,,,,,1.753,,,,3.444,3.0,,1.0,,,,,,,,,,,,,,,34.0,5.0,,,,,,,17.0,,,,,,,,,,6888.0,,,,,,,,5.0,,
12c853ddd2d0e3ab018c90751b6e922c,0,test,2021/6/12,,,,,,1.311,,,0.006,,,47.0,,0.02,,13.0,,,,,2.599,,,,3.348,7.0,,2.0,,,,,,,,,,,,,,,6.0,4.0,,1.0,,2.0,,,19.0,,,,,,,,,,6328.0,,,,,,1.0,,4.0,,0.02
1cec77d7ad36a2d051317f93cbe173df,0,test,2021/5/30,,,,,,,,,,,,,,1.0,,,,,,,,,,,,3.0,,4.0,,,,,,,,,,,,,,,7.0,2.0,,,,10.0,,,6.0,,,,,,,,,,5499.0,,,,,,,,3.0,,1.0
24e0c8ce5227bac2ad90709bb9f5e55c,0,test,2021/5/13,,,,,,,,,1.0,,,,,,,,,,,,,,,,1.0,2.0,,3.0,,,,,,,,,,,,,,,3.0,1.0,,,,,,,5.0,,,,,,,,,,6328.0,,,,,,1.0,,8.0,,1.0
a82c3f1331ab61f609636d3d8e2ac744,1,test,2021/5/13,,,,,,3.578,,,,,,47.0,,,,27.0,,,,,3.703,,,,2.032,8.0,,3.0,,,,,,,,,,,,,,,13.0,5.0,,,,,,,20.0,,,,,,,,,,9299.0,,,,,,,,1.0,,
802b04802c85f5ab70959bdf9debdc89,0,test,2021/6/19,,,,,,,,,,,,,,0.166,,1.0,,,,,,,,,,2.0,,2.0,,,,,1.0,,,,1.0,,4.0,,,,5.0,1.0,,,,,,,1.0,,,,,,,,,,3000.0,,,,,,,,4.0,,
de6bb34aafe654a7c99ef79993dca42c,1,test,2021/5/26,,,,,,,,,,,,,,,,,,,,,,,,,,1.0,,1.0,,,,,,,,,1.0,,21.0,,,,10.0,6.0,,,0.25,,,,24.0,,,,,,,,,,3000.0,,,,,,,,5.0,,
afe57f07ea4e9f6ef0a6d106c682bd82,1,test,2021/5/11,,,,,,,,,,,,,,,,,,,,,,,,,0.5,2.0,,9.0,,,,,,,,,1.0,,1.0,,,,3.0,,,,0.333,,,,4.0,,,,,,,,,,7899.0,,,,,,,,4.0,,
e4ce34564bdf5ffa4cc2d49e457e71ca,0,test,2021/6/8,,,,,,,,,0.5,,,,,,,,,,,,,,,,,,,1.0,,,,,,,,,,,,,,,1.0,1.0,,,,1.0,,,5.0,,,,,,,,,,5499.0,,,,,,,,3.0,,0.5
fd4965a946031adb3d1bb3504c1a5553,0,test,2021/6/26,,,,,,6.237,,,0.628,,,59.0,,,,4.0,,,,,4.5,,,,12.394,2.0,,1.0,,,,,,,,,,,,,,,33.0,3.0,,1.0,,63.0,,,22.0,,,,,,,,,,3000.0,,,,,,2.0,,4.0,,0.628
0125752ef3d384245aad4ec33a35c7c5,0,test,2021/5/30,,,,,,,,,,,,,,,,,,,,,,,,,,,,3.0,,,,,,,,,,,,,,0.0,1.0,2.0,,,,,,,3.0,,,,,,,,,,6888.0,,,,,,,,1.0,,
8947eda2f5d2d337c0b9b141575caf91,0,test,2021/5/20,,,,,,13.435,,,0.014,,,,,,,1.0,,,,,,,,,,1.0,,1.0,,,,,1.0,,,,,,,,,0.0,15.0,6.0,,8.0,,,,,19.0,,,,,,,,,,2320.0,,,,,,2.0,,8.0,,0.113
475efbb83a948f87a81256ba1020eae9,0,test,2021/6/19,,,,,,3.151,,,,,,17.0,,,,6.0,,,,,6.282,,,,4.475,2.0,,2.0,,,,,1.0,,,,,,,,,,27.0,3.0,,,,,,,21.0,,,,,,,,,,3399.0,,,,,,,,2.0,,
4ac3f7e3b6993ec8d2f42db271663805,0,test,2021/5/3,,,,,,,,,,,,,,1.0,,,,,,,,,,,,,,2.0,,,,,,,,,,,,,,0.0,1.0,2.0,,,,2.0,,,2.0,,,,,,,,,,2320.0,,,,,,,,3.0,,1.0
966da0e7f180b6c9bda2f048c1a44a25,1,test,2021/7/7,,,,,,,,,,,,9.0,,,,2.0,,,,,,,,,1.323,2.0,,4.0,,,,,,,,,,,,,,,30.0,2.0,,,,,,,8.0,,,,,,,,,,3799.0,,,,,,,,3.0,,
cc8ba1ba5687fdc49d40cf024efe68c9,0,test,2021/5/18,,,,,,,,,,,,,,,,,,,,,,,,,,2.0,,3.0,,,,,,,,,,,,,,,26.0,1.0,,49.0,,,,,10.0,,,,,,,,,,3399.0,,,,,,1.0,,4.0,,1.0
df4a1d477da32acb4a9bff0f0eb46f34,0,test,2021/7/1,,,,,,26.163,,,0.01,,,1.0,,0.489,,1.0,,,,,,,,,,1.0,,1.0,,,,,,,,,,,,,,,27.0,2.0,,,,34.0,,,12.0,,,,,,,,,,7899.0,,,,,,1.0,,3.0,,0.5
04e8edd4f15ac60c656b19aa6ec8db20,0,test,2021/5/19,,,,,,0.577,,,,,,8.0,,0.333,,2.0,,,,,0.707,,,,1.155,3.0,,5.0,,,,,,,,,,,,,,,6.0,1.0,,,,6.0,,,5.0,,,,,,,,,,5499.0,,,,,,1.0,,3.0,,0.333
52f539bb5d71028b1c48876b5aad9b96,0,test,2021/5/11,,,,,,2.966,,,,,,,,1.0,,,,,,,,,,,13.435,,,1.0,,,,,,,,,,,,,,,11.0,5.0,,,,11.0,,,13.0,,,,,,,,,,9599.0,,,,,,1.0,,3.0,,1.0
f3e06b3f285fea5b06347a7dc07bda0b,0,test,2021/7/22,,,,,,,,,,,,,,1.0,,,,,,,,,,,1.5,,,1.0,,,,,,,,,,,,,,0.0,2.0,2.0,,,,5.0,,,6.0,,,,,,,,,,5499.0,,,,,,1.0,,,,1.0
04719bf3853c369433d6d36a15e65447,0,test,2021/5/11,,,,,,2.5,,,,,,26.0,,0.163,,,,,,,,,,,3.775,5.0,,1.0,,,,,1.0,,,,,,,,,,13.0,6.0,,,,5.0,,,15.0,,,,,,,,,,9599.0,,,,,,1.0,,3.0,,0.127
74698ecd81b85f246bee4c0b34e1351f,0,test,2021/6/21,,,,,,,,,,,,,,1.0,,,,,,,,,,,,,,1.0,,,,,,,,,,,,,,,1.0,1.0,,,,1.0,,,6.0,,,,,,,,,,6328.0,,,,,,,,3.0,,1.0
6d0fd49a76dff4d2ad6429a9bf761219,0,test,2021/7/13,,,,,,,,,,,,,,0.418,,4.0,,,,,0.816,,,,1.69,1.0,,1.0,,,,,,,,,1.0,,17.0,,,,17.0,3.0,,,0.666,,,,5.0,,,,,,,,,,5499.0,,,,,,,,4.0,,
0add79c16d91e58a56b62e183495a5dc,0,test,2021/5/4,,,,,,34.648,,,,,,,,0.113,,1.0,,,,,,,,,111.723,2.0,,5.0,,,,,,,,,,,,,,,13.0,2.0,,,,9.0,,,19.0,,,,,,,,,,6888.0,,,,,,1.0,,3.0,,0.113
d2da3fcad3bb5d87a4b5509705eebb01,1,test,2021/5/14,,,,,,,,,,,,,,,,,,,,,,,,,,,,1.0,,,,,,,,,1.0,0.004,81.0,,,,96.0,7.0,,,1.0,,,,29.0,,,,,,,,,,6888.0,,,,,,,,4.0,,
687d45ee56d8d6bd6cc49bb352e4b208,0,test,2021/6/14,,,,,,,,,,,,3.0,,0.071,,,,,,,,,,,,1.0,,2.0,,,,,,,,,,,,,,,2.0,1.0,,,,1.0,,,2.0,,,,,,,,,,7899.0,,,,,,,,2.0,,0.071
15cca59ed3c5eba1226261b97f19fcdf,0,test,2021/5/3,,,,,,29.698,,,,,,22.0,,0.051,,2.0,,,,,9.899,,,,28.627,2.0,,1.0,,,,,,,,,1.0,,8.0,,,,37.0,7.0,,,0.008,,,,29.0,,,,,,,,,,8699.0,,,,,,,,4.0,,
903682cdc3575cfb85f67c5a81510237,0,test,2021/7/8,,,,,,,,,,,,,,,,,,,,,,,,,,,,4.0,,,,,,,,,1.0,,20.0,,,,,2.0,,,1.0,,,,6.0,,,,,,,,,,5499.0,,,,,,,,6.0,,
971e21f77fa07dc8ab1806a32141076a,0,test,2021/5/17,,,,,,,,,,,,,,0.273,,1.0,,,,,,,,,0.707,,,1.0,,,,,,,,,,,,,,,19.0,5.0,,,,16.0,,,20.0,,,,,,,,,,6888.0,,,,,,,,3.0,,0.273
66a02f0f873a6da383490d347c0b1a37,0,test,2021/5/3,,,,,,,,,1.0,,,,,,,,,,,,,,,,7.071,,,22.0,,,,,,,,,,,,,,,6.0,,,,,,,,5.0,,,,,,,,,,8499.0,,,,,,,,,,1.0
52adb4a66afe9d030598d37ad3212853,0,test,2021/5/9,,,,,,2.309,,,,,,48.0,,,,4.0,,,,,1.0,,,,3.834,2.0,,2.0,,,,,,,,,,,,,,0.0,20.0,4.0,,,,,,,18.0,,,,,,,,,,5499.0,,,,,,,,6.0,,
842fce84addce9e02444f08a189a1fa9,0,test,2021/5/8,,,,,,,1.0,,,,,4.0,,,,,,,,,,,,,,1.0,,1.0,,,,,,,,,,,,,,0.0,9.0,1.0,,,,,,,7.0,,,,,,,,,,5499.0,,,,,,,,3.0,,
e9b47a96a922d4306c2d05cc6b075144,0,test,2021/5/2,,,,,,,,,,,,1.0,,,,,,,,,,,,,,,,4.0,,,,,,,,,1.0,,33.0,,,,,1.0,,,1.0,,,,10.0,,,,,,,,,,6328.0,,,,,,,,1.0,,
fa5d58a7ce861e5edfea2780b850b9d1,0,test,2021/5/8,,,,,,,,,,,,,,1.0,,,,,,,,,,,,,,1.0,,,,,,,,,,,,,,,7.0,3.0,,,,7.0,,,6.0,,,,,,,,,,9599.0,,,,,,1.0,,2.0,,1.0
575d205900ba6dbd0f933dd3ff609510,0,test,2021/5/18,,,,,,,,,,,,,,0.571,,,,,,,,,,,,1.0,,2.0,,,,,,,,,,,,,,,7.0,2.0,,,,21.0,,,11.0,,,,,,,,,,6888.0,,,,,,1.0,,3.0,,0.571
52366060c50feb1f7a8efc34745981af,1,test,2021/5/11,,,,,,5.232,,,,,,18.0,,,,6.0,,,,,0.837,,,,2.058,7.0,,13.0,,,,,,,,,,,,,,,11.0,,,,,,,,10.0,,,,,,,,,,7899.0,,,,,,,,8.0,,
05fee8ad5784c6afeda92bae1c163d80,0,test,2021/5/16,,,,,,3.162,,,0.048,,,,,0.241,,2.0,,,,,,,,,10.893,4.0,,2.0,,,,,1.0,,,,1.0,0.008,55.0,,,,28.0,4.0,,6.0,0.725,2.0,,,22.0,,,,,,,,,,9599.0,,,,,,,,4.0,,0.072
4b8136e084f8db167494b9e0e7ebce5d,1,test,2021/6/3,,,,,,,,,,,,,,,,1.0,,,,,,,,,,1.0,,2.0,,,,,,,,,,,,,,,29.0,6.0,,,,,,,25.0,,,,,,,,,,3399.0,,,,,,,,2.0,,
5de660f024bde502e4e83fb34f61cf11,1,test,2021/7/11,,,,,,,,,,,,,,,,2.0,,,,,1.414,,,,4.0,5.0,,3.0,,,,,,,,,,,,,,,6.0,2.0,,,,,,,10.0,,,,,,,,,,1980.0,,,,,,,,6.0,,
6166c5cd70d85c971fd390b5e4a7038c,0,test,2021/5/5,,,,,,2.121,,,,,,,,,,5.0,,,,,1.483,,,,4.123,2.0,,1.0,,,,,,,,,,,,,,0.0,15.0,6.0,,,,,,,20.0,,,,,,,,,,5499.0,,,,,,,,2.0,,
6d99227d7e757e7c2ff6548d10f9c903,0,test,2021/6/4,,,,,,,,,,,,,,0.84,,,,,,,,,,,,,,5.0,,,,,,,,,,,,,,0.0,5.0,3.0,,2.0,,18.0,,,14.0,,,,,,,,,,5499.0,,,,,,1.0,,3.0,,1.0
a61d62abe3e560cec0bb84fe2093fa7c,0,test,2021/5/10,,,,,,,,,,,,,,0.138,,1.0,,,,,,,,,3.786,1.0,,3.0,,,,,1.0,,,,,,,,,0.0,26.0,2.0,,3.0,,12.0,,,12.0,,,,,,,,,,5499.0,,,,,,2.0,,6.0,,0.17
5487fb15dc67a3896bf131ae9b87d26f,0,test,2021/5/29,,,,,,5.774,,,,,,,,,,2.0,,,,,15.556,,,,48.63,2.0,,1.0,,,,,,,,,,,,,,,33.0,6.0,,,,,,,26.0,,,,,,,,,,7899.0,,,,,,,,4.0,,
b76f459d2cade80470a3ae950a031163,0,test,2021/6/4,,,,,,,,,1.0,,,,,,,,,,,,,,,,,1.0,,3.0,,,,,,,,,,,,,,,,1.0,,,,,,,3.0,,,,,,,,,,5499.0,,,,,,1.0,,3.0,,1.0
5003c1e1713647c590582b493a9a68ec,0,test,2021/5/10,,,,,,,,,,,,,,,,,,,,,,,,,,,,1.0,,,,,,,,,,,,,,,7.0,1.0,,,,,,,7.0,,,,,,,,,,7899.0,,,,,,1.0,,6.0,,
c9fbf981e03f60ebb6b33811b347ef59,0,test,2021/5/24,,,,,,,,,1.0,,,,,,,,,,,,,,,,,,,1.0,,,,,,,,,,,,,,,1.0,7.0,,,,,,,10.0,,,,,,,,,,9599.0,,,,,,1.0,,,,1.0
7371a2ba2c299750354d737ee28e6b94,0,test,2021/5/2,,,,,,,,,,,,,,,,,,,,,,,,,,,,2.0,,,,,,,,,,,,,,,,1.0,,1.0,,,,,4.0,,,,,,,,,,6888.0,,,,,,,,,,1.0
613fc44b307a609d9c7c8475842f81f1,0,test,2021/7/20,,,,,,,,,,,,,,,,3.0,,,,,3.0,,,,18.193,3.0,,4.0,,,,,,,,,,,,,,0.0,16.0,2.0,,,,,,,20.0,,,,,,,,,,6888.0,,,,,,,,3.0,,
cbf34998fd466ac2a968b34eda4bcdec,0,test,2021/5/19,,,,,,,,,,,,,,0.304,,4.0,,,,,1.291,,,,1.528,1.0,,1.0,,,,,,,,,,,,,,,6.0,4.0,,,,3.0,,,10.0,,,,,,,,,,9299.0,,,,,,1.0,,5.0,,0.304
60fc55c64fe03cafeaf0a9d996dda1c0,0,test,2021/5/10,,,,,,,,,,,,,,,,,,,,,,,,,,,,16.0,,,,,,,,,,,,,,1.0,,,,,,,,,2.0,,,,,,,,,,6799.0,,,,,,,,5.0,,
26ccdbe6cd52a819026ea954bebea643,0,test,2021/5/7,,,,,,,,,0.285,,,,,0.023,,1.0,,,,,,,,,4.868,3.0,,1.0,,,,,,,,,,,,,,0.0,5.0,1.0,,,,8.0,,,4.0,,,,,,,,,,3399.0,,,,,,2.0,,4.0,,0.285
8661d32256c22715398f5394b9aec1e8,0,test,2021/5/3,,,,,,2.517,8.0,,,,,49.0,,,,3.0,,,,,4.041,,,,7.076,3.0,,1.0,,,,,,,,,,,,,,0.0,25.0,7.0,,,,,,,28.0,,,,,,,,,,5499.0,,,,,,,,3.0,,
91cdc33da9c2fbf72eaa45ddc32cd51b,0,test,2021/6/19,,,,,,,,,,,,,,0.004,,1.0,,,,,,,,,,1.0,,49.0,,,,,,,,,,,,,,,11.0,,,,,1.0,,,,,,,,,,,,,1980.0,,,,,,,,2.0,,0.004
d10b99ea2dbcdfed55b4dc86656a2cac,0,test,2021/6/27,,,,,,,,,,,,,,1.0,,,,,,,,,,,,1.0,,3.0,,,,,,,,,,,,,,0.0,4.0,2.0,,,,9.0,,,7.0,,,,,,,,,,5499.0,,,,,,,,3.0,,1.0
cb5f1528f3c77a6e14010de5696405e1,0,test,2021/5/12,,,,,,,,,,,,33.0,,,,,,,,,,,,,3.185,2.0,,3.0,,,,,,,,,,0.114,,,,1.0,11.0,4.0,,,,,,,15.0,,,,,,,,,,6799.0,,,,,,,,5.0,,
ae2fe6d2844aba2ba13f397034c06b1b,0,test,2021/5/10,,,,,,,,,0.062,,,,,,,,,,,,,,,,,2.0,,9.0,,,,,,,,,1.0,0.166,1.0,,,,14.0,,,1.0,,,,,4.0,,,,,,,,,,3799.0,,,,,,,,4.0,,0.083
4ca7f62670ee2a00436d261ae1a98319,0,test,2021/7/14,,,,,,,,,,,,,,,,,,,,,,,,,,,,2.0,,,,,,,,,,,,,,0.0,1.0,1.0,,,,,,,3.0,,,,,,,,,,6888.0,,,,,,,,8.0,,
dd514354a005b337e7708d191cb93976,0,test,2021/5/16,,,,,,,,,,,,14.0,,,,9.0,,,,,4.272,,,,7.679,6.0,,1.0,,,,,,,,,1.0,,35.0,,,,39.0,7.0,,,0.061,,,,30.0,,,,,,,,,,3599.0,,,,,,,,4.0,,
96660856ec8cce61732e151f03c7d3fe,0,test,2021/6/17,,,,,,1.414,,,0.923,,,1.0,,0.092,,,,,,,,,,,,4.0,,1.0,,,,,,,,,,,,,,,7.0,2.0,,,,21.0,,,6.0,,,,,,,,,,3799.0,,,,,,2.0,,3.0,,0.969
c3476704fdb6b036a12762f60131b06d,0,test,2021/5/6,,,,,,17.321,,,,,,,,0.07,,3.0,,,,,18.583,,,,70.123,9.0,,1.0,,,,,,,,,,,,,,,,6.0,,,,18.0,,,23.0,,,,,,,,,,7899.0,,,,,,1.0,,3.0,,0.07
aba8de79d1ab808a6577c7b46dbaf349,1,test,2021/6/5,,,,,,3.24,3.0,,,,,36.0,,0.019,,11.0,,,,,2.97,,,,2.403,5.0,,1.0,,,,,,,,,1.0,,14.0,,,,16.0,7.0,,,0.119,,,,20.0,,,,,,,,,,3399.0,,,,,,,,4.0,,
131103da36d6f387d65669a34675cf27,0,test,2021/6/8,,,,,,,,,0.32,,,,,0.16,,,,,,,,,,,1.291,1.0,,1.0,,,,,,,,,,,,,,0.0,2.0,4.0,,11.0,,5.0,,,11.0,,,,,,,,,,11899.0,,,,,,4.0,,3.0,,0.72
09de6fab74de7ab0a4725bfa4dadd292,0,test,2021/5/25,,,,,,,,,0.051,,,,,0.564,,,,,,,,,,,8.485,,,6.0,,,,,,,,,,,,,,,9.0,1.0,,,,17.0,,,3.0,,,,,,,,,,7899.0,,,,,,1.0,,2.0,,0.589
1e3a2ebb46e3504f7cee0226471e1d70,0,test,2021/5/25,,,,,,,,,,,,,,0.428,,2.0,,,,,5.657,,,,10.607,5.0,,7.0,,,,,,,,,,0.057,,,,,23.0,1.0,,,,14.0,,,5.0,,,,,,,,,,9599.0,,,,,,1.0,,3.0,,0.428
f03b4defa3e54080c856048a7af9d4ac,0,test,2021/5/21,,,,,,1.272,1.0,,,,,,,0.266,,,,,,,,,,,4.685,2.0,,2.0,,,,,,,,,1.0,,,,,,15.0,4.0,,,0.172,13.0,,,17.0,,,,,,,,,,3599.0,,,,,,1.0,,3.0,,0.266
8903324212d165bbfd0b9e34e300943b,1,test,2021/5/10,,,,,,20.506,,,,,,,,0.001,,1.0,,,,,,,,,98.288,2.0,,4.0,,,,,,,,,,,,,,,45.0,2.0,,,,,,,25.0,,,,,,,,,,3599.0,,,,,,,,3.0,,
f1d917bd311897e3b5aa9160edaa8ba7,0,test,2021/6/2,,,,,,,,,,,,1.0,,,,1.0,,,,,,,,,,1.0,,2.0,,,,,,,,,1.0,,28.0,,,,,4.0,,,1.0,,,,17.0,,,,,,,,,,9599.0,,,,,,,,4.0,,
d327af2a2dd7725503edaecfa13baada,0,test,2021/5/29,,,,,,,,,,,,,,0.388,,,,,,,,,,,,2.0,,4.0,,,,,,,,,1.0,,8.0,,,0.0,12.0,2.0,,,0.4,7.0,,,5.0,,,,,,,,,,6328.0,,,,,,1.0,,3.0,,0.388
65d23a2d290a00747d4d6ab6f68a5dd1,0,test,2021/6/6,,,,,,,,,,,,,,0.75,,1.0,,,,,,,,,7.506,2.0,,1.0,,,,,1.0,,,,,,,,,,28.0,3.0,,5.0,,30.0,,,14.0,,,,,,,,,,1980.0,,,,,,1.0,,3.0,,0.892
572eb621e787610507e2ea7138c288bd,0,test,2021/7/2,,,,,,,,,,,,,,1.0,,,,,,,,,,,,,,1.0,,,,,,,,,,,,,,,,6.0,,,,1.0,,,19.0,,,,,,,,,,9599.0,,,,,,,,3.0,,1.0
89ac6ee1d7368533b8d10530f8c808cb,0,test,2021/7/9,,,,,,,,,0.06,,,,,0.848,,,,,,,,,,,0.707,3.0,,2.0,,,,,,,,,,,,,,,9.0,4.0,,,,16.0,,,11.0,,,,,,,,,,6888.0,,,,,,1.0,,3.0,,0.575
e52a93cc82840ee2d44a6f07a0c9601e,0,test,2021/5/14,,,,,,,,,0.052,,,,,0.052,,1.0,,,,,,,,,,2.0,,7.0,,,,,,,,,,,,,,,4.0,1.0,,11.0,,1.0,,,4.0,,,,,,,,,,7899.0,,,,,,1.0,,8.0,,1.0
02ee241e8e5055f57f19cde34f9ae3b3,0,test,2021/6/19,,,,,,,,,,,,1.0,,0.416,,,,,,,,,,,,3.0,,2.0,,,,,1.0,,,,,,,,,,8.0,2.0,,,,5.0,,,3.0,,,,,,,,,,7358.0,,,,,,,,3.0,,0.416
bcd33dd5e8718918b27bcfb308d6cfc9,0,test,2021/5/31,,,,,,,2.0,,,,,,,,,2.0,,,,,,,,,0.707,4.0,,2.0,,,,,,,,,,,,,,,29.0,4.0,,,,,,,5.0,,,,,,,,,,5499.0,,,,,,,,2.0,,
3ddd324db3a76d83a5227bff19461e27,0,test,2021/5/28,,,,,,9.95,,,0.01,,,,,0.958,,2.0,,,,,0.707,,,,7.96,5.0,,10.0,,,,,,,,,,,,,,0.0,17.0,,,1.0,,31.0,,,11.0,,,,,,,,,,6888.0,,,,,,1.0,,2.0,,0.968
da516c586e10a9237da14d7714c05512,1,test,2021/5/28,,,,,,3.055,,,,,,2.0,,,,,,,,,,,,,9.238,3.0,,1.0,,,,,,,,,1.0,,2.0,,,,10.0,7.0,,,0.003,,,,30.0,,,,,,,,,,7899.0,,,,,,,,5.0,,
b67f658229e37f6c5bbda3fac2ffb7f8,0,test,2021/5/8,,,,,,,,,,,,2.0,,0.181,,,,,,,,,,,,,,15.0,,,,,,,,,,,,,,,2.0,,,,,2.0,,,2.0,,,,,,,,,,9299.0,,,,,,1.0,,,,0.181
e8b204dd5deb57663c5c933f799983bd,1,test,2021/6/8,,,,,,,,,,,,14.0,,0.052,,1.0,,,,,,,,,,1.0,,4.0,,,,,1.0,,,,1.0,,9.0,,,1.0,27.0,3.0,,,0.166,,,,9.0,,,,,,,,,,6799.0,,,,,,,,4.0,,
ecc647a3de2294689add4d35872dd703,1,test,2021/5/26,,,,,,,,,0.4,,,,,0.2,,,,,,,,,,,,,,44.0,,,,,,,,,,,,,,,3.0,,,,,,,,,,,,,,,,,,6888.0,,,,,,,,4.0,,0.4
567aab062c3851a312b0095055c1bc7e,0,test,2021/5/25,,,,,,,,,,,,,,0.75,,,,,,,,,,,0.577,,,1.0,,,,,,,,,,,,,,0.0,2.0,3.0,,,,3.0,,,11.0,,,,,,,,,,7899.0,,,,,,1.0,,7.0,,0.75
0a5dc889de25ea3816d23f8070409e68,0,test,2021/5/22,,,,,,,,,,,,30.0,,,,4.0,,,,,0.957,,,,0.744,6.0,,2.0,,,,,,,,,1.0,,4.0,,,,5.0,1.0,,,0.064,,,,16.0,,,,,,,,,,6328.0,,,,,,,,4.0,,
f45c434bd34dbb5cfd0aae2e3c1680ef,0,test,2021/5/12,,,,,,,,,,,,,,1.0,,,,,,,,,,,,1.0,,3.0,,,,,,,,,,,,,,,1.0,3.0,,,,1.0,,,4.0,,,,,,,,,,5499.0,,,,,,1.0,,6.0,,1.0
4fa4b1ed06dd546d3a6e1e4105fee500,0,test,2021/5/13,,,,,,1.01,,,0.078,,,79.0,,,,8.0,,,,,0.354,,,,2.075,10.0,,1.0,,,,,,,,,1.0,,87.0,,,,10.0,7.0,,31.0,0.437,,,,30.0,,,,,,,,,,5499.0,,,,,,2.0,,4.0,,0.078
fe1c8775e7d5205d7d6dd7c58fb86c05,0,test,2021/5/4,,,,,,,,,,,,,,,,,,,,,,,,,,,,2.0,,,,,,,,,1.0,,25.0,,,,18.0,2.0,,,0.8,,,,6.0,,,,,,,,,,3599.0,,,,,,,,5.0,,
95035a0da98d42cc33f9d6da9decfc1d,0,test,2021/5/11,,,,,,,,,,,,,,0.84,,,,,,,,,,,,1.0,,21.0,,,,,,,,,,0.16,,,,,12.0,,,,,15.0,,,6.0,,,,,,,,,,5499.0,,,,,,,,2.0,,0.84
cf997a0e6b65ce99ec053a90636e0d02,0,test,2021/5/17,,,,,,,,,,,,,,,,,,,,,,,,,,,,2.0,,,,,,,,,,,,,,0.0,,5.0,,,,,,,21.0,,,,,,,,,,11899.0,,,,,,,,,,
d842eea91710d78e6567012535e5ee24,1,test,2021/6/2,,,,,,,,,,,,,,,,,,,,,,,,,,1.0,,3.0,,,,,,,,,1.0,,1.0,,,1.0,,5.0,,,1.0,,,,6.0,,,,,,,,,,5499.0,,,,,,,,4.0,,
6fc2b8f15ee47f016781810106c1314d,0,test,2021/5/22,,,,,,3.367,,,,,,,,,,3.0,,,,,1.528,,,,3.786,3.0,,4.0,,,,,,,,,1.0,,33.0,,,,12.0,2.0,,27.0,0.75,,,,21.0,,,,,,,,,,3399.0,,,,,,1.0,,3.0,,0.177
3b2f037922fb881fa3277f22ce332165,0,test,2021/5/10,,,,,,,,,0.8,,,,,,,,,,,,,,,,,,,15.0,,,,,,,,,,,,,,,2.0,,,,,,,,1.0,,,,,,,,,,9599.0,,,,,,,,,,0.8
a1287b5ed08948f821d70160c3b85fac,0,test,2021/7/6,,,,,,30.344,,,,,,18.0,,0.03,,10.0,,,,,150.754,,,,97.051,1.0,,1.0,,,,,,,,,1.0,0.0,88.0,,,,42.0,7.0,,,0.992,29.0,,,29.0,,,,,,,,,,6888.0,,,,,,1.0,,3.0,,0.03
fec8596d731518a8527d4dc8efbc51f3,0,test,2021/6/7,,,,,,,10.0,,,,,,,,,1.0,,,,,,,,,73.539,1.0,,1.0,,,,,,,,,,,,,,,57.0,7.0,,,,,,,30.0,,,,,,,,,,9599.0,,,,,,,,5.0,,
0d112c02c8e33ff01bcdc52a8f3dee1e,0,test,2021/5/18,,,,,,2.291,,,,,,,,,,6.0,,,,,3.286,,,,9.935,6.0,,2.0,,,,,,,,,1.0,,4.0,,,,38.0,5.0,,,,,,,27.0,,,,,,,,,,6888.0,,,,,,,,8.0,,
0ab24cfd82d61457f9c03ab09d4ab037,0,test,2021/6/4,,,,,,2.811,,,0.006,,,,,0.609,,1.0,,,,,,,,,7.226,2.0,,1.0,,,,,,,,,,,,,,,26.0,6.0,,54.0,,58.0,,,27.0,,,,,,,,,,5499.0,,,,,,2.0,,5.0,,0.986
d6a3643718419df8b1ea99fa76b47d44,0,test,2021/7/22,,,,,,,,,,,,,,,,,,,,,,,,,,,,1.0,,,,,,,,,,0.032,,,,0.0,10.0,7.0,,,,,,,23.0,,,,,,,,,,5499.0,,,,,,,,2.0,,
3c1d5feb9ae1cb918e8747d322fd6676,0,test,2021/5/24,,,,,,,,,,,,7.0,,,,2.0,,,,,6.364,,,,7.468,3.0,,2.0,,,,,,,,,1.0,,26.0,,,,25.0,2.0,,,,,,,12.0,,,,,,,,,,11899.0,,,,,,,,5.0,,
60d66ca3145ed6a2a4a816aaf619038b,0,test,2021/6/21,,,,,,,,,,,,,,1.0,,,,,,,,,,,,1.0,,1.0,,,,,,,,,,,,,,,1.0,5.0,,,,2.0,,,26.0,,,,,,,,,,5499.0,,,,,,,,2.0,,1.0
3b23804ef30b80fd9a10daf9e4ad684b,1,test,2021/5/3,,,,,,8.386,,,,,,,,,,5.0,,,,,6.573,,,,11.665,2.0,,3.0,,,,,,,,,1.0,,40.0,,,,20.0,4.0,,,0.487,,,,19.0,,,,,,,,,,9599.0,,,,,,,,4.0,,
02516f5ced3a6eb85a69c0e3d3b0845a,0,test,2021/5/16,,,,,,3.536,10.0,,0.339,,,,,0.053,,1.0,,,,,,,,,5.983,1.0,,1.0,,,,,,,,,1.0,,40.0,,,,15.0,6.0,,11.0,0.428,17.0,,,23.0,,,,,,,,,,11899.0,,,,,,4.0,,4.0,,0.348
c0104a8f79526971fa05e5cd561678ca,0,test,2021/6/9,,,,,,,,,,,,,,,,,,,,,,,,,,1.0,,3.0,,,,,1.0,,,,,,,,,1.0,10.0,4.0,,,,,,,14.0,,,,,,,,,,3000.0,,,,,,,,4.0,,
47c864c2a8bfd0b1ab0cfb7c6fb4b855,0,test,2021/5/10,,,,,,,,,,,,,,,,,,,,,,,,,,,,4.0,,,,,,,,,,,,,,0.0,5.0,2.0,,,,,,,8.0,,,,,,,,,,6799.0,,,,,,,,6.0,,
dc3ddef95c3360c515cc7571d93d4d72,0,test,2021/5/21,,,,,,4.721,5.0,,,,,,,0.38,,1.0,,,,,,,,,2.517,1.0,,1.0,,,,,,,,,,,,,,,23.0,5.0,,,,15.0,,,13.0,,,,,,,,,,5499.0,,,,,,1.0,,3.0,,0.366
db4c8a02bd58a6a7e2d2d2fde455e40c,1,test,2021/5/23,,,,,,,,,,,,,,1.0,,,,,,,,,,,,1.0,,13.0,,,,,,,,,,,,,,0.0,3.0,,,,,4.0,,,2.0,,,,,,,,,,7899.0,,,,,,,,3.0,,1.0
4c5d527a4b4e1ca49006b0a11a514a46,0,test,2021/5/8,,,,,,,,,1.0,,,,,,,,,,,,,,,,,,,3.0,,,,,,,,,,,,,,0.0,1.0,1.0,,1.0,,1.0,,,1.0,,,,,,,,,,3000.0,,,,,,2.0,,,,1.0
ac3c39db3188359930712ed2a5e6da62,0,test,2021/6/10,,,,,,,,,,,,,,,,2.0,,,,,4.243,,,,4.787,4.0,,5.0,,,,,,,,,1.0,0.233,,,,,58.0,2.0,,,0.014,,,,18.0,,,,,,,,,,5499.0,,,,,,,,7.0,,
eab3a113f126617ed9efd318249e0fc3,0,test,2021/7/18,,,,,,,,,,,,,,0.75,,,,,,,,,,,,,,9.0,,,,,,,,,,,,,,,3.0,,,,,4.0,,,2.0,,,,,,,,,,6328.0,,,,,,1.0,,2.0,,0.75
d743ad2fbbecc09a4843880f513a434b,0,test,2021/5/7,,,,,,,29.0,,,,,,,0.019,,,,,,,,,,,,,,1.0,,,,,,,,,,,,,,,28.0,7.0,,1.0,,1.0,,,30.0,,,,,,,,,,8699.0,,,,,,,,,,0.023
676c740d6e375c0b9fa3e1f26712de6c,0,test,2021/5/22,,,,,,23.594,,,,,,14.0,,,,7.0,,,,,55.407,,,,58.879,2.0,,1.0,,,,,,,,,1.0,0.001,71.0,,,,83.0,6.0,,,0.98,,,,23.0,,,,,,,,,,7899.0,,,,,,,,3.0,,
d0e182ef0211b7e8f614502364e482eb,0,test,2021/5/17,,,,,,0.577,,,,,,,,,,6.0,,,,,5.75,,,,7.293,7.0,,1.0,,,,,,,,,,,,,,,19.0,5.0,,,,,,,22.0,,,,,,,,,,5499.0,,,,,,,,3.0,,
61893bc2e6e2dec18e2ada0ea634e5d4,0,test,2021/6/3,,,,,,,,,,,,,,0.866,,1.0,,,,,,,,,,2.0,,2.0,,,,,1.0,,,,,0.066,,,,0.0,8.0,3.0,,,,10.0,,,10.0,,,,,,,,,,6328.0,,,,,,1.0,,3.0,,0.866
5f9c8850b596e5a2265bfa9608c00216,0,test,2021/5/10,,,,,,2.16,,,0.99,,,,,,,1.0,,,,,,,,,14.198,1.0,,1.0,,,,,1.0,,,,,,,,,,32.0,7.0,,,,,,,18.0,,,,,,,,,,3599.0,,,,,,1.0,,7.0,,0.99
7165fd7c0692f646d7690a79504163c8,0,test,2021/6/18,,,,,,0.707,,,,,,,,,,3.0,,,,,1.155,,,,2.121,2.0,,1.0,,,,,,,,,,0.857,,,,,50.0,7.0,,,,,,,22.0,,,,,,,,,,7899.0,,,,,,,,2.0,,
76cad7a0eeab4656bb8c2ecab2800cd0,0,test,2021/5/27,,,,,,,,,,,,,,,,,,,,,,,,,,1.0,,4.0,,,,,,,,,,,,,,,,1.0,,,,,,,1.0,,,,,,,,,,,,,,,,1.0,,6.0,,
6e68b83f2990873c43a694b1a456dd6b,0,test,2021/5/10,,,,,,,,,,,,,,,,,,,,,,,,,,,,1.0,,,,,,,,,,,,,,0.0,,1.0,,,,,,,3.0,,,,,,,,,,,,,,,,,,2.0,,
c3b07cb78e1c420e9c5a92aa8718f039,0,test,2021/5/7,,,,,,,,,,,,,,1.0,,,,,,,,,,,,,,5.0,,,,,,,,,,,,,,0.0,2.0,1.0,,,,7.0,,,5.0,,,,,,,,,,5499.0,,,,,,1.0,,3.0,,1.0
b13f0e18acb7d67cc3db9f463624a121,1,test,2021/5/5,,,,,,4.95,25.0,,,,,,,0.255,,3.0,,,,,1.0,,,,2.082,3.0,,1.0,,,,,,,,,,,,,,1.0,7.0,6.0,,,,33.0,,,29.0,,,,,,,,,,9599.0,,,,,,1.0,,2.0,,0.255
a905f120cd8e58bd408dfc06123e74d2,0,test,2021/5/7,,,,,,,,,0.033,,,,,0.1,,,,,,,,,,,,,,1.0,,,,,1.0,,,,,,,,,,6.0,5.0,,1.0,,3.0,,,22.0,,,,,,,,,,9299.0,,,,,,2.0,,2.0,,0.133
114f04b9605e60ccda29878a49ba22cc,0,test,2021/6/5,,,,,,,,,0.001,,,,,,,,,,,,,,,,,,,31.0,,,,,,,,,,0.99,,,,,17.0,,,4.0,,,,,,,,,,,,,,,5499.0,,,,,,,,4.0,,0.011
4fb5acc34d674072a8a098907267b5a9,0,test,2021/5/26,,,,,,,,,,,,,,0.565,,1.0,,,,,,,,,,2.0,,8.0,,,,,1.0,,,,,,,,,,8.0,,,,,11.0,,,6.0,,,,,,,,,,6328.0,,,,,,1.0,,3.0,,0.565
b8bfe5fadf7477c2f490832d6fafebd0,0,test,2021/5/21,,,,,,,,,1.0,,,,,,,,,,,,,,,,,,,9.0,,,,,,,,,,,,,,,1.0,,,2.0,,,,,2.0,,,,,,,,,,9599.0,,,,,,1.0,,2.0,,1.0
08a734c8f6a8fe1e4a88d317583b9b90,0,test,2021/5/21,,,,,,,,,,,,,,,,2.0,,,,,7.071,,,,6.557,3.0,,2.0,,,,,,,,,,,38.0,,,0.0,13.0,4.0,,,,,,,4.0,,,,,,,,,,11899.0,,,,,,,,4.0,,
229cef2bc5fb641996d747d05ba73781,0,test,2021/5/8,,,,,,3.536,,,,,,,,0.014,,,,,,,,,,,,,,1.0,,,,,,,,,1.0,,,,,,52.0,7.0,,,,4.0,,,29.0,,,,,,,,,,3799.0,,,,,,1.0,,3.0,,0.012
162d2381accaa0deb6ba1b12d447e5ea,0,test,2021/6/23,,,,,,5.823,,,0.645,,,,,,,4.0,,,,,25.159,,,,17.532,1.0,,1.0,,,,,,,,,,,,,,,36.0,7.0,,,,,,,29.0,,,,,,,,,,9299.0,,,,,,1.0,,4.0,,0.645
c45320ef587bcd1ab903d34999afe535,0,test,2021/5/5,,,,,,,,,,,,13.0,,0.525,,2.0,,,,,0.707,,,,3.359,3.0,,5.0,,,,,,,,,,0.15,,,,,13.0,2.0,,,,20.0,,,14.0,,,,,,,,,,5499.0,,,,,,1.0,,2.0,,0.525
223b911ebc1d0741b8adff307d8d0714,0,test,2021/5/16,,,,,,,,,,,,1.0,,,,,,,,,,,,,,,,1.0,,,,,1.0,,,,,,,,,,1.0,2.0,,1.0,,,,,3.0,,,,,,,,,,6328.0,,,,,,1.0,,4.0,,0.5
6e6f3fa4dcf3f70abf07b7c78fa8fdc0,1,test,2021/5/22,,,,,,6.751,,,,,,24.0,,,,5.0,,,,,3.362,,,,6.683,4.0,,1.0,,,,,,,,,1.0,,,,,,26.0,7.0,,,,,,,9.0,,,,,,,,,,6328.0,,,,,,,,1.0,,
8cc4ac64db971977added355e97ff895,0,test,2021/5/16,,,,,,,,,0.01,,,,,,,4.0,,,,,11.295,,,,18.385,2.0,,33.0,,,,,,,,,,0.406,,,,,16.0,,,1.0,,1.0,,,,,,,,,,,,,3599.0,,,,,,,,3.0,,0.01
671abd6bd221395d152c8986c17f7c8a,0,test,2021/5/23,,,,,,,,,,,,2.0,,0.016,,,,,,,,,,,,,,8.0,,,,,,,,,1.0,0.005,11.0,,,0.0,7.0,,,,0.315,,,,11.0,,,,,,,,,,6888.0,,,,,,,,4.0,,
685343968849aa6bdd1dabcda668c2f4,1,test,2021/7/7,,,,,,13.864,,,,,,3.0,,0.025,,2.0,,,,,65.761,,,,36.672,5.0,,1.0,,,,,,,,,,,,,,,10.0,7.0,,,,,,,29.0,,,,,,,,,,5499.0,,,,,,,,1.0,,
7d43f8ac318606f8d3ebe5362bea58e0,0,test,2021/7/8,,,,,,,,,,,,,,0.083,,,,,,,,,,,,2.0,,1.0,,,,,,,,,1.0,,,,,0.0,39.0,4.0,,,0.76,13.0,,,7.0,,,,,,,,,,6888.0,,,,,,1.0,,3.0,,0.97
eefd42bb4826c0b93932352bf01f184c,1,test,2021/6/9,,,,,,,,,,,,,,,,,,,,,,,,,,,,1.0,,,,,,,,,,,,,,1.0,,7.0,,,,,,,30.0,,,,,,,,,,,,,,,,,,3.0,,
f4c6d7a896497aea3bb0b225553673e8,0,test,2021/5/15,,,,,,,,,,,,11.0,,,,1.0,,,,,,,,,15.556,1.0,,5.0,,,,,1.0,,,,,0.88,,,,1.0,30.0,1.0,,,,,,,7.0,,,,,,,,,,6328.0,,,,,,,,3.0,,
fbe03df3ed8a142358ca3d6c9162af94,0,test,2021/7/31,,,,,,11.314,,,0.228,,,5.0,,0.456,,3.0,,,,,1.155,,,,4.021,1.0,,1.0,,,,,,,,,,,,,,,21.0,3.0,,,,1.0,,,14.0,,,,,,,,,,11899.0,,,,,,1.0,,3.0,,0.28
a27c7337c6a7eb77845d096cc619c5eb,1,test,2021/5/18,,,,,,,,,,,,9.0,,0.565,,,,,,,,,,,1.0,3.0,,4.0,,,,,,,,,1.0,,,,,,6.0,2.0,,,0.071,7.0,,,10.0,,,,,,,,,,8499.0,,,,,,1.0,,7.0,,0.434
3d8195e6585448ad6ecb46c2ec5d626e,1,test,2021/7/25,,,,,,,,,,,,,,0.08,,,,,,,,,,,,1.0,,1.0,,,,,,,,,,,,,,,19.0,7.0,,,,7.0,,,8.0,,,,,,,,,,5499.0,,,,,,,,3.0,,0.08
e7074e44d0e515b7b777cd6477947463,0,test,2021/5/15,,,,,,,10.0,,0.032,,,,,0.225,,,,,,,,,,,,,,2.0,,,,,,,,,,,,,,1.0,1.0,4.0,,,,2.0,,,14.0,,,,,,,,,,6799.0,,,,,,2.0,,2.0,,0.258
6b18cca7f44234c3bbccd70aa7d62236,0,test,2021/5/5,,,,,,110.265,,,,,,,,,,15.0,,,,,67.704,,,,38.011,4.0,,1.0,,,,,,,,,,,,,,,83.0,7.0,,3.0,,1.0,,,30.0,,,,,,,,,,6888.0,,,,,,1.0,,3.0,,0.007
b6cdbbe711dbd327d03d08dd258113b2,0,test,2021/5/20,,,,,,10.607,,,0.081,,,,,0.074,,3.0,,,,,2.0,,,,8.142,1.0,,1.0,,,,,,,,,,,,,,0.0,59.0,7.0,,2.0,,8.0,,,20.0,,,,,,,,,,5499.0,,,,,,4.0,,3.0,,0.136
40d70758ba8cd7938fb8b061236d0a6c,0,test,2021/5/7,,,,,,,,,,,,,,,,,,,,,,,,,,1.0,,55.0,,,,,,,,,,,,,,,1.0,,,1.0,,,,,,,,,,,,,,,7899.0,,,,,,,,6.0,,1.0
153e53971c036ec55b454709ca43322e,0,test,2021/5/27,,,,,,6.364,,,,,,40.0,,0.518,,1.0,,,,,,,,,16.703,2.0,,1.0,,,,,,,,,1.0,,21.0,,,,27.0,4.0,,,0.256,32.0,,,23.0,,,,,,,,,,6328.0,,,,,,1.0,,8.0,,0.518
185d8f863badb4e3cee222a424e9743d,0,test,2021/5/14,,,,,,,,,,,,3.0,,,,,,,,,,,,,,,,1.0,,,,,,,,,,0.375,,,,1.0,,5.0,,,,,,,5.0,,,,,,,,,,9299.0,,,,,,,,,,
88b51edde77424d5debdfdede188ae13,0,test,2021/7/10,,,,,,,,,,,,,,,,,,,,,,,,,,,,7.0,,,,,,,,,,,,,,0.0,4.0,1.0,,,,,,,3.0,,,,,,,,,,6799.0,,,,,,,,,,
7bca19ddaed3824a098aca7ed8322c5e,0,test,2021/5/15,,,,,,,,,,,,,,0.049,,,,,,,,,,,,,,1.0,,,,,,,,,,,,,,,43.0,6.0,,,,1.0,,,20.0,,,,,,,,,,6888.0,,,,,,1.0,,4.0,,0.049
3adc7149a3a07148810b2b17370d7683,0,test,2021/7/31,,,,,,,,,,,,,,1.0,,,,,,,,,,,,,,10.0,,,,,,,,,,,,,,,1.0,,,,,1.0,,,1.0,,,,,,,,,,8499.0,,,,,,1.0,,,,1.0
1f0d1dd96453337040b1525281bf675a,1,test,2021/5/5,,,,,,,,,,,,,,,,1.0,,,,,,,,,6.611,4.0,,2.0,,,,,,,,,,,,,,,15.0,4.0,,,,,,,17.0,,,,,,,,,,9599.0,,,,,,,,6.0,,
8551ae4316ecde4fe0e35c916cd5156f,0,test,2021/7/5,,,,,,,,,,,,,,0.178,,,,,,,,,,,,,,1.0,,,,,,,,,1.0,,69.0,,,,49.0,7.0,,,0.786,25.0,,,25.0,,,,,,,,,,3799.0,,,,,,1.0,,3.0,,0.178
57817f5f0145e2e701cde8f860710bd5,0,test,2021/6/9,,,,,,,,,,,,2.0,,,,,,,,,,,,,,,,21.0,,,,,1.0,,,,,,,,,1.0,1.0,,,,,,,,2.0,,,,,,,,,,5499.0,,,,,,,,2.0,,
b04e748346f19b0a1c2956875c730f5c,1,test,2021/7/8,,,,,,19.336,,,,,,18.0,,,,1.0,,,,,,,,,44.821,1.0,,1.0,,,,,,,,,1.0,,82.0,,,,88.0,7.0,,,0.975,,,,25.0,,,,,,,,,,5499.0,,,,,,,,4.0,,
1000adf9299b491747766efb16f3abea,0,test,2021/5/2,,,,,,,,,,,,1.0,,0.027,,,,,,,,,,,3.536,1.0,,5.0,,,,,,,,,,0.918,,,,1.0,9.0,1.0,,,,,,,7.0,,,,,,,,,,6888.0,,,,,,,,4.0,,
c353b7e7a9cf77fac742fe3d88d73e44,0,test,2021/7/11,,,,,,,,,,,,1.0,,1.0,,1.0,,,,,,,,,,,,4.0,,,,,,,,,,,,,,1.0,,3.0,,,,8.0,,,7.0,,,,,,,,,,9599.0,,,,,,1.0,,,,1.0
0688f0312f4f7a8d1fcec596c2bff32e,0,test,2021/6/11,,,,,,2.0,,,,,,,,,,2.0,,,,,0.707,,,,,4.0,,1.0,,,,,,,,,,,,,,,10.0,2.0,,,,3.0,,,8.0,,,,,,,,,,6328.0,,,,,,1.0,,5.0,,0.107
4e2f952ba3ea3d45d72b559b2d6df1c8,0,test,2021/5/16,,,,,,0.894,,,,,,11.0,,0.305,,1.0,,,,,,,,,2.049,3.0,,3.0,,,,,,,,,,,,,,,3.0,3.0,,,,9.0,,,9.0,,,,,,,,,,9599.0,,,,,,1.0,,3.0,,0.305
8d513c6b02fdb73450b396c2e2304390,0,test,2021/7/15,,,,,,0.707,,,,,,,,1.0,,,,,,,,,,,,,,2.0,,,,,,,,,,,,,,,3.0,2.0,,,,3.0,,,4.0,,,,,,,,,,9599.0,,,,,,1.0,,3.0,,1.0
6fa9e02c88796beaac648283dc7d7dba,0,test,2021/5/3,,,,,,,,,,,,,,,,,,,,,,,,,,,,3.0,,,,,,,,,,,,,,,,2.0,,,,,,,3.0,,,,,,,,,,,,,,,,1.0,,,,
7bbede28ec7475e28932ee267f4bc6e6,0,test,2021/6/8,,,,,,3.72,,,0.828,,,,,0.039,,3.0,,,,,0.577,,,,1.895,4.0,,1.0,,,,,,,,,,,,,,,13.0,7.0,,,,5.0,,,22.0,,,,,,,,,,9599.0,,,,,,2.0,,3.0,,0.868
6b3118740bbd00c3f74d8f25f5144b15,0,test,2021/6/5,,,,,,0.707,,,,,,,,0.926,,1.0,,,,,,,,,1.5,2.0,,2.0,,,,,,,,,,,,,,,5.0,2.0,,,,29.0,,,7.0,,,,,,,,,,3399.0,,,,,,1.0,,3.0,,0.926
ac6d903406ebb3586281cb4f87c736e0,0,test,2021/5/15,,,,,,,,,,,,,,,,,,,,,,,,,,,,6.0,,,,,,,,,1.0,,63.0,,,,,2.0,,,1.0,,,,14.0,,,,,,,,,,3440.0,,,,,,,,5.0,,
d755de760b924d09e06af4bb7317ccb1,0,test,2021/5/17,,,,,,,,,,,,,,,,,,,,,,,,,,,,2.0,,,,,,,,,,1.0,,,,0.0,1.0,2.0,,,,,,,4.0,,,,,,,,,,11899.0,,,,,,,,4.0,,
1378e27054e5a4abdb7c8639f7489445,0,test,2021/5/24,,,,,,,,,,,,,,1.0,,,,,,,,,,,,,,6.0,,,,,,,,,,,,,,,3.0,1.0,,,,5.0,,,6.0,,,,,,,,,,5499.0,,,,,,,,3.0,,1.0
61dc45c18e4175db2a0ba6ec47ca3b91,0,test,2021/6/8,,,,,,,,,,,,17.0,,,,2.0,,,,,,,,,0.707,2.0,,5.0,,,,,,,,,,,,,,,18.0,2.0,,,,,,,8.0,,,,,,,,,,7899.0,,,,,,,,7.0,,
2d58ebc0212f49b5fe5907408d01795b,0,test,2021/5/15,,,,,,,24.0,,,,,1.0,,0.036,,,,,,,,,,,1.414,,,1.0,,,,,,,,,,,,,,,8.0,4.0,,,,4.0,,,25.0,,,,,,,,,,5499.0,,,,,,1.0,,3.0,,0.036
14e124376ba723eda083fdddd2458e39,1,test,2021/6/8,,,,,,,,,,,,9.0,,,,,,,,,,,,,,3.0,,2.0,,,,,,,,,1.0,,48.0,,,,6.0,3.0,,,0.92,,,,17.0,,,,,,,,,,6888.0,,,,,,,,5.0,,
0a051ffadc538acd50a290fbdfe8fc9f,0,test,2021/5/18,,,,,,2.236,,,,,,85.0,,0.063,,8.0,,,,,0.744,,,,4.902,3.0,,1.0,,,,,,,,,,,,,,0.0,36.0,7.0,,,,11.0,,,28.0,,,,,,,,,,9599.0,,,,,,1.0,,3.0,,0.04
8b55eaf38d71bbb71618b16a2c6cbe61,0,test,2021/5/26,,,,,,1.753,,,,,,41.0,,,,8.0,,,,,1.927,,,,1.969,8.0,,1.0,,,,,,,,,1.0,,,,,,22.0,5.0,,5.0,,,,,22.0,,,,,,,,,,6888.0,,,,,,,,4.0,,0.082
3b4072cedc8b4860195292d50fe65be1,0,test,2021/6/4,,,,,,,,,,,,,,1.0,,,,,,,,,,,,,,13.0,,,,,,,,,,,,,,0.0,1.0,,,,,1.0,,,1.0,,,,,,,,,,6888.0,,,,,,,,8.0,,1.0
2a6f4e72211b2213fe04ee90bf7800b6,0,test,2021/5/10,,,,,,,,,0.885,,,,,0.014,,1.0,,,,,,,,,,2.0,,1.0,,,,,,,,,1.0,,5.0,,,,11.0,1.0,,,0.015,1.0,,,9.0,,,,,,,,,,3000.0,,,,,,1.0,,4.0,,0.9
6a528e6f3fe1996a699d9fb0343ce6be,0,test,2021/5/29,,,,,,1.706,,,,,,,,0.004,,34.0,,,,,3.751,,,,4.271,5.0,,1.0,,,,,,,,,1.0,,77.0,,,0.0,37.0,7.0,,,0.957,1.0,,,28.0,,,,,,,,,,6888.0,,,,,,1.0,,4.0,,0.004
cdc0c83724b8c7f4e18a5a2aecf71f8c,0,test,2021/5/21,,,,,,,,,,,,,,0.073,,,,,,,,,,,0.707,1.0,,2.0,,,,,,,,,,,,,,,39.0,4.0,,,,10.0,,,23.0,,,,,,,,,,7899.0,,,,,,1.0,,3.0,,0.073
3095487f076c0d22b3f323b4b6447305,0,test,2021/6/28,,,,,,1.155,,,,,,2.0,,,,,,,,,,,,,0.5,3.0,,1.0,,,,,,,,,1.0,,18.0,,,,2.0,5.0,,,0.636,,,,11.0,,,,,,,,,,6888.0,,,,,,,,3.0,,
4c82aa449a22dec3a37e94ae7c043b3d,0,test,2021/6/23,,,,,,0.577,,,,,,22.0,,0.026,,2.0,,,,,2.828,,,,4.243,3.0,,1.0,,,,,,,,,,,,,,,5.0,4.0,,,,1.0,,,10.0,,,,,,,,,,6888.0,,,,,,1.0,,4.0,,0.026
894504e76e38be206fad67520b902f61,1,test,2021/6/26,,,,,,,,,,,,,,0.013,,,,,,,,,,,,,,1.0,,,,,,,,,,,,,,,18.0,7.0,,,,1.0,,,20.0,,,,,,,,,,5499.0,,,,,,1.0,,4.0,,0.013
a0741ac8ba726624a4f9fb3cf1f97ae9,0,test,2021/5/4,,,,,,,,,,,,,,,,1.0,,,,,,,,,,1.0,,1.0,,,,,,,,,,,,,,,20.0,2.0,,,,,,,5.0,,,,,,,,,,6888.0,,,,,,1.0,,3.0,,
58552526cc2f6bed5366a5f757b081e0,0,test,2021/5/18,,,,,,,,,,,,,,,,4.0,,,,,4.573,,,,3.524,3.0,,8.0,,,,,,,,,,,,,,,35.0,,,,,,,,5.0,,,,,,,,,,6799.0,,,,,,,,3.0,,
38f7e99e1307b6d3be2b927d31367c21,1,test,2021/5/7,,,,,,5.188,,,,,,3.0,,0.094,,4.0,,,,,1.5,,,,8.02,7.0,,1.0,,,,,,,,,,,,,,,6.0,7.0,,,,10.0,,,23.0,,,,,,,,,,7899.0,,,,,,1.0,,2.0,,0.094
2b3035ad1db771656403aef899d6bec0,1,test,2021/6/2,,,,,,26.026,,,,,,3.0,,,,29.0,,,,,55.258,,,,42.97,3.0,,1.0,,,,,,,,,1.0,,87.0,,,1.0,85.0,7.0,,,0.995,,,,30.0,,,,,,,,,,6888.0,,,,,,,,4.0,,
13b19ed01ab253e632cdc83998306aa0,0,test,2021/5/17,,,,,,3.536,,,,,,18.0,,0.018,,4.0,,,,,2.062,,,,5.01,5.0,,5.0,,,,,,,,,1.0,,27.0,,,,12.0,3.0,,,0.21,1.0,,,14.0,,,,,,,,,,8499.0,,,,,,,,4.0,,0.018
94ff4900824490cc466f987d4a68cad0,0,test,2021/5/11,,,,,,,,,,,,,,,,2.0,,,,,3.536,,,,,5.0,,31.0,,,,,,,,,,0.516,,,,,28.0,,,,,,,,,,,,,,,,,,6328.0,,,,,,,,3.0,,
90e1d9ab5f4710d7ad853e0252323c48,0,test,2021/5/9,,,,,,,1.0,,,,,,,0.1,,,,,,,,,,,,,,2.0,,,,,,,,,,,,,,0.0,4.0,4.0,,,,2.0,,,21.0,,,,,,,,,,2320.0,,,,,,1.0,,,,0.1
5d9996774de3e69f6c1be2929733af42,0,test,2021/7/1,,,,,,,,,,,,15.0,,0.26,,2.0,,,,,1.414,,,,0.5,3.0,,18.0,,,,,,,,,,,,,,,3.0,,,,,,,,3.0,,,,,,,,,,5499.0,,,,,,,,3.0,,
755d52f94ed8bd1b0cd4502ea9ac15d1,0,test,2021/5/18,,,,,,,3.0,,,,,,,,,,,,,,,,,,,1.0,,1.0,,,,,1.0,,,,,0.392,,,,0.0,9.0,5.0,,,,,,,12.0,,,,,,,,,,5499.0,,,,,,,,4.0,,
3b99adf3fb37c505fa8b0b7410cd4a58,0,test,2021/5/13,,,,,,,3.0,,,,,,,0.312,,,,,,,,,,,2.121,1.0,,2.0,,,,,,,,,,,,,,1.0,15.0,3.0,,,,2.0,,,16.0,,,,,,,,,,9599.0,,,,,,1.0,,7.0,,0.062
73cdd5ec7d6154c3237e37dd272e97ef,0,test,2021/7/8,,,,,,,,,,,,,,,,,,,,,,,,,,,,11.0,,,,,,,,,,,,,,0.0,2.0,,,,,,,,1.0,,,,,,,,,,8699.0,,,,,,,,,,
f7865de2effcbb1bd978d1ef24a72661,0,test,2021/5/6,,,,,,0.447,,,,,,,,0.403,,4.0,,,,,1.414,,,,0.516,3.0,,6.0,,,,,,,,,1.0,,20.0,,,,,1.0,,,0.666,18.0,,,5.0,,,,,,,,,,3000.0,,,,,,1.0,,2.0,,0.403
4ded99238537a9200e89dc5fc127a9c6,0,test,2021/5/11,,,,,,,,,,,,,,,,,,,,,,,,,1.5,6.0,,2.0,,,,,,,,,1.0,,25.0,,,,7.0,2.0,,,1.0,,,,5.0,,,,,,,,,,6328.0,,,,,,,,4.0,,
9a89902b1e06c1470648068baf029e4e,0,test,2021/5/13,,,,,,,11.0,,,,,,,,,1.0,,,,,,,,,12.728,2.0,,1.0,,,,,,,,,1.0,0.012,22.0,,,,40.0,3.0,,,0.285,,,,16.0,,,,,,,,,,9599.0,,,,,,,,3.0,,
7270d70de8662b987d920f10f7341a38,1,test,2021/5/10,,,,,,,,,,,,,,,,,,,,,,,,1.0,,,,31.0,,,,,,,,,,1.0,,,1.0,,1.0,,,,,,,,,,,,,,,,1.0,,6888.0,,,,,,,,,,
a951f6be37d820a6e517f59f50093424,0,test,2021/5/17,,,,,,2.828,,,,,,,,1.0,,1.0,,,,,,,,,4.359,4.0,,1.0,,,,,,,,,,,,,,,5.0,3.0,,,,25.0,,,16.0,,,,,,,,,,3599.0,,,,,,1.0,,3.0,,1.0
